position,mean_phylop,min_phylop,max_phylop,mean_ASA,min_ASA,max_ASA,mean_disorder,min_disorder,max_disorder,ss_E,ss_C,ss_H,mean_E,min_E,max_E,mean_C,min_C,max_C,mean_H,min_H,max_H,protein_length,indel_exon_length,start_length,end_length
chr1:100382040:100382042,0.5817999839782715,0.5329999923706055,0.6549999713897705,13.380824308541701,7.6875,29.27777777777778,0.10018400000000001,0.09375,0.10892,0.0,1.0,0.0,0.18026,0.1149,0.2182,0.7524000000000001,0.7204,0.8296,0.06734,0.0555,0.0903,1532.0,3,1444,87
chr1:155204880:155204882,0.26800000071525576,0.24799999594688416,0.2980000078678131,15.023398692810456,1.5882352941176472,34.470588235294116,0.08818200000000001,0.08658,0.09,0.0,0.4,0.6,0.024,0.0203,0.0309,0.31238,0.0522,0.7492,0.6636599999999999,0.2199,0.9276,536.0,12,324,211
chr1:155209827:155209829,-0.06460000276565551,-0.4440000057220459,0.46700000762939453,16.63862483334199,2.5806451612903225,39.652173913043484,0.12019666666666666,0.11375,0.13242,0.5,0.5,0.0,0.5405166666666666,0.0557,0.9087,0.40814999999999996,0.0669,0.8682,0.051333333333333335,0.0244,0.0761,536.0,6,51,483
chr1:155209828:155209830,-0.22920000553131104,-0.4440000057220459,0.382999986410141,16.63862483334199,2.5806451612903225,39.652173913043484,0.12019666666666666,0.11375,0.13242,0.5,0.5,0.0,0.5405166666666666,0.0557,0.9087,0.40814999999999996,0.0669,0.8682,0.051333333333333335,0.0244,0.0761,536.0,6,51,483
chr1:155263292:155263294,0.1941999912261963,-0.2540000081062317,0.5609999895095825,7.057017034084382,2.814814814814815,13.466666666666665,0.09377666666666667,0.09008,0.09933,0.6666666666666666,0.3333333333333333,0.0,0.5976,0.0575,0.8738,0.37573333333333325,0.1007,0.9114,0.0267,0.0209,0.0312,543.0,3,370,171
chr1:155264935:155264937,0.4434000074863434,0.37700000405311584,0.46000000834465027,10.293123046319979,3.2,22.266666666666666,0.08854166666666664,0.08725,0.09017,0.6666666666666666,0.3333333333333333,0.0,0.5517,0.0472,0.9179,0.4224833333333333,0.0567,0.9237,0.02581666666666667,0.0214,0.029,543.0,3,190,351
chr1:156106754:156106756,0.4251999855041504,-0.25,0.6549999713897705,52.4783125798212,28.1875,75.66666666666667,0.22824999999999998,0.19617,0.25275,0.3333333333333333,0.6666666666666666,0.0,0.2775666666666667,0.0357,0.87,0.6904166666666667,0.108,0.9224,0.03198333333333333,0.0215,0.0419,572.0,3,473,97
chr1:158651384:158651386,0.17220001220703124,-0.31299999356269836,0.5630000233650208,19.42623472577437,3.294117647058823,35.733333333333334,0.09923200000000001,0.098,0.10133,0.0,0.0,1.0,0.018759999999999995,0.0185,0.0191,0.030359999999999998,0.0284,0.034,0.95088,0.9474,0.9528,2419.0,3,154,2264
chr1:161138822:161138824,-0.0842000275850296,-2.1440000534057617,0.6549999713897705,36.448042057402674,14.347826086956522,53.64444444444445,0.528904,0.50399,0.56161,0.0,0.0,1.0,0.0361,0.0251,0.0573,0.1762,0.0739,0.4047,0.78772,0.5381,0.901,477.0,12,218,258
chr1:171621264:171621266,0.4243999898433685,-0.13199999928474426,0.6549999713897705,43.153362573099415,13.5625,60.94444444444444,0.56103,0.53663,0.57718,0.0,0.0,1.0,0.017959999999999997,0.0177,0.0182,0.03424,0.033,0.0371,0.9478199999999999,0.9452,0.949,504.0,3,162,341
chr1:17371364:17371366,0.6061999797821045,0.5329999923706055,0.6549999713897705,43.53305728088337,32.8695652173913,50.78260869565218,0.7106839999999999,0.65889,0.77533,0.0,1.0,0.0,0.07204,0.0499,0.0932,0.80034,0.7505,0.84,0.1276,0.0915,0.1599,280.0,3,30,249
chr1:173881076:173881078,0.36340001225471497,-0.43799999356269836,0.5910000205039978,26.66957658425689,4.470588235294117,44.355555555555554,0.109768,0.106,0.11717,0.0,0.0,1.0,0.02428,0.0214,0.0262,0.15386,0.0495,0.3799,0.82186,0.5939,0.9291,464.0,3,161,302
chr1:204131145:204131147,0.3083999931812286,-0.3959999978542328,0.5609999895095825,10.230628812041854,7.5625,12.54054054054054,0.21081599999999998,0.16433,0.29133,0.0,1.0,0.0,0.10388000000000001,0.067,0.1517,0.6542399999999999,0.5203,0.7747,0.24188,0.0931,0.3281,403.0,3,81,321
chr1:20960215:20960217,-0.10679999589920045,-1.5789999961853027,0.4909999966621399,27.708027797893873,11.304347826086957,43.644444444444446,0.15303,0.1385,0.16875,0.0,0.3333333333333333,0.6666666666666666,0.024116666666666665,0.0195,0.0321,0.35423333333333334,0.0383,0.8773,0.6216333333333334,0.0989,0.9414,581.0,6,88,491
chr1:215847752:215847754,0.45020000338554383,0.382999986410141,0.46700000762939453,30.597829936572328,8.176470588235295,53.57142857142857,0.099015,0.09825,0.09967,0.16666666666666666,0.8333333333333334,0.0,0.20945,0.0444,0.7052,0.7576499999999999,0.2721,0.9188,0.0329,0.0227,0.0378,5226.0,9,4499,725
chr1:215956247:215956249,0.5573999881744385,0.5329999923706055,0.6549999713897705,15.109345101885145,2.782608695652174,25.928571428571427,0.08435,0.08333,0.086,1.0,0.0,0.0,0.8956199999999999,0.874,0.9154,0.08284,0.062,0.1068,0.02148,0.0192,0.0228,5226.0,3,3472,1753
chr1:21889644:21889646,0.1437999725341797,-1.7790000438690186,0.6549999713897705,3.6736024844720494,1.565217391304348,7.200000000000001,0.09249999999999999,0.08675,0.10067,0.0,0.3333333333333333,0.6666666666666666,0.026300000000000004,0.0214,0.0362,0.30341666666666667,0.0585,0.7548,0.6703,0.2091,0.9201,469.0,6,57,410
chr1:21889652:21889654,0.6061999797821045,0.5329999923706055,0.6549999713897705,3.9782974059188887,1.565217391304348,7.999999999999999,0.08775000000000001,0.08667,0.089,0.0,0.0,1.0,0.021740000000000002,0.0205,0.0224,0.058620000000000005,0.0461,0.0731,0.9196200000000001,0.9048,0.9333,469.0,6,60,408
chr1:228345750:228345752,-0.1419999897480011,-1.309999942779541,0.31299999356269836,31.06433645922137,22.235294117647054,46.044444444444444,0.5328383333333333,0.51968,0.54255,0.0,0.0,1.0,0.018716666666666663,0.0182,0.0193,0.03765,0.0302,0.0485,0.9436166666666667,0.9333,0.9507,439.0,3,102,335
chr1:229568313:229568315,0.47799997925758364,-0.13600000739097595,0.6549999713897705,29.358339084426046,17.357142857142858,42.0,0.10602666666666666,0.099,0.11075,0.0,0.6666666666666666,0.3333333333333333,0.12823333333333334,0.024,0.468,0.5928166666666667,0.1342,0.9071,0.2789666666666667,0.052,0.8418,377.0,6,147,228
chr1:237961353:237961355,0.44439998269081116,-0.25600001215934753,0.6499999761581421,35.290004358722896,24.82608695652174,44.65,0.106816,0.10375,0.11133,0.0,0.4,0.6,0.019440000000000002,0.0175,0.0218,0.37265999999999994,0.0918,0.6219,0.6079000000000001,0.3601,0.8907,4967.0,6,4657,309
chr1:241661226:241661228,0.39359999299049375,-0.26600000262260437,0.6499999761581421,11.289304473476301,5.904761904761905,18.153846153846153,0.08950000000000001,0.08808,0.0915,0.8333333333333334,0.16666666666666666,0.0,0.5738333333333333,0.0421,0.8469,0.3803,0.1224,0.9195,0.04586666666666667,0.0267,0.0993,510.0,3,402,106
chr1:35370541:35370543,0.020200014114379883,-0.7369999885559082,0.4480000138282776,56.45897051474264,44.93333333333334,66.95652173913044,0.9167816666666666,0.83385,0.95564,0.0,1.0,0.0,0.039483333333333336,0.0365,0.042,0.8907833333333334,0.8829,0.8954,0.06971666666666666,0.0632,0.0806,979.0,15,147,830
chr1:40558165:40558167,0.2175999939441681,-0.35499998927116394,0.6499999761581421,29.13252265479461,9.11111111111111,58.05882352941176,0.12834833333333334,0.11108,0.15642,0.0,0.8333333333333334,0.16666666666666666,0.04401666666666667,0.022,0.0755,0.7320500000000001,0.3945,0.8856,0.22395,0.0763,0.5835,306.0,3,45,259
chr1:43394973:43394975,0.47419999837875365,0.45399999618530273,0.5550000071525574,12.304175293305727,4.809523809523809,32.08695652173913,0.08487499999999999,0.084,0.08575,0.3333333333333333,0.3333333333333333,0.3333333333333333,0.31559999999999994,0.028,0.7326,0.40693333333333337,0.2061,0.756,0.2774166666666667,0.052,0.7361,492.0,3,292,198
chr1:43408917:43408919,0.6061999797821045,0.5329999923706055,0.6549999713897705,14.825809651817716,7.428571428571429,26.687500000000004,0.09029166666666666,0.0875,0.09433,0.0,1.0,0.0,0.12765,0.042,0.2583,0.8057166666666667,0.6649,0.9016,0.06668333333333333,0.0491,0.0833,492.0,12,30,460
chr1:45797940:45797942,0.2533999979496002,-0.24199999868869781,0.6549999713897705,10.882592136471446,4.124999999999999,18.533333333333335,0.10849833333333335,0.0995,0.11975,0.0,0.5,0.5,0.04095,0.0204,0.071,0.48196666666666665,0.0465,0.8817,0.47708333333333336,0.0488,0.9325,535.0,6,262,271
chr1:45798771:45798773,0.36440001130104066,-0.2240000069141388,0.5630000233650208,25.394618147559317,8.392156862745097,61.27777777777778,0.10445833333333333,0.10175,0.107,0.0,0.16666666666666666,0.8333333333333334,0.024616666666666665,0.0215,0.0372,0.29148333333333337,0.1033,0.8756,0.6838666666666667,0.0872,0.8752,535.0,6,138,395
chr1:53676264:53676266,-0.2111999958753586,-1.0889999866485596,0.5329999923706055,41.98517993697022,2.1176470588235294,72.69565217391303,0.11821,0.112,0.12425,0.0,0.0,1.0,0.01883333333333333,0.0168,0.0217,0.07145,0.0327,0.2148,0.9097,0.7635,0.9499,658.0,12,305,351
chr1:68903946:68903948,0.5474000096321106,0.4819999933242798,0.5910000205039978,28.034173907253905,7.290322580645162,55.684210526315795,0.10651599999999999,0.10008,0.11125,0.0,0.0,1.0,0.02,0.018,0.0209,0.05562,0.04,0.1058,0.9244,0.8762,0.9394,533.0,3,350,182
chr1:94476424:94476426,0.5417999863624573,0.47699999809265137,0.5849999785423279,13.568982331623507,9.31578947368421,17.61904761904762,0.12322333333333334,0.12092,0.1255,0.0,0.0,1.0,0.018216666666666666,0.0178,0.0187,0.028550000000000006,0.0278,0.0309,0.9532333333333334,0.9513,0.9541,2273.0,15,1881,390
chr10:123279605:123279607,0.5012000143527985,0.46000000834465027,0.5630000233650208,14.856224791369106,4.074074074074074,38.15789473684211,0.12353399999999999,0.11467,0.132,1.0,0.0,0.0,0.8258800000000001,0.5287,0.9224,0.15108,0.0529,0.4445,0.023020000000000002,0.0186,0.0268,707.0,18,186,520
chr10:123279607:123279609,0.3466000139713287,-0.31299999356269836,0.5630000233650208,21.61352065947425,4.074074074074074,55.39999999999999,0.12659833333333334,0.11467,0.14192,0.8333333333333334,0.16666666666666666,0.0,0.7127833333333333,0.1473,0.9224,0.2627333333333333,0.0529,0.821,0.024483333333333333,0.0186,0.0318,707.0,12,185,520
chr10:123279627:123279629,0.2102000057697296,-1.0980000495910645,0.5630000233650208,25.60339611300341,17.304347826086953,34.800000000000004,0.15583333333333332,0.15342,0.15825,0.6666666666666666,0.3333333333333333,0.0,0.6351,0.0806,0.8733,0.33915,0.1043,0.8898,0.025783333333333335,0.0204,0.0356,707.0,3,178,527
chr10:13330460:13330462,0.3049999862909317,-0.18199999630451202,0.6549999713897705,1.4308163845248243,0.5217391304347826,2.2745098039215685,0.076484,0.07467,0.07842,1.0,0.0,0.0,0.77864,0.6016,0.8831,0.19934,0.0967,0.3737,0.02202,0.0202,0.0247,238.0,3,92,145
chr10:43606887:43606889,-0.10579999685287475,-1.2359999418258667,0.6549999713897705,19.563626030122197,5.823529411764706,35.0,0.14581400000000003,0.135,0.17458,1.0,0.0,0.0,0.9209399999999999,0.9115,0.9256,0.055299999999999995,0.0491,0.066,0.02372,0.0225,0.0253,1114.0,6,498,615
chr10:43607617:43607619,0.5365999877452851,0.45500001311302185,0.5569999814033508,24.822226044413867,8.399999999999999,59.0,0.229085,0.205,0.26367,0.0,0.8333333333333334,0.16666666666666666,0.08385,0.0331,0.1415,0.6715833333333334,0.4604,0.7847,0.2445333333333333,0.0854,0.504,1114.0,9,530,582
chr10:43609950:43609952,0.44540001153945924,0.3790000081062317,0.4620000123977661,17.313033585439456,4.444444444444445,51.421052631578945,0.46841000000000005,0.36692,0.51126,0.0,0.0,1.0,0.025150000000000002,0.0211,0.0297,0.07461666666666666,0.0278,0.1875,0.9002166666666667,0.7862,0.951,1114.0,12,633,479
chr10:43609955:43609957,0.44540001153945924,0.3790000081062317,0.4620000123977661,8.872606246799796,4.444444444444445,20.13333333333333,0.48777400000000004,0.42117,0.51126,0.0,0.0,1.0,0.02398,0.0197,0.0297,0.04214,0.0278,0.0841,0.9338599999999999,0.8862,0.9525,1114.0,9,635,478
chr10:50863164:50863166,0.5474000096321106,0.4819999933242798,0.5910000205039978,10.239075017427012,8.275862068965518,12.071428571428571,0.084382,0.08367,0.085,0.0,0.8,0.2,0.04294,0.0312,0.0497,0.70036,0.3381,0.8939,0.25672,0.0564,0.6307,630.0,3,434,195
chr10:89653840:89653842,0.6061999797821045,0.5329999923706055,0.6549999713897705,17.66630629577684,9.173913043478262,25.125000000000004,0.11670833333333332,0.099,0.13858,0.0,1.0,0.0,0.10656666666666666,0.038,0.2671,0.7574666666666666,0.6005,0.8817,0.13599999999999998,0.0694,0.2028,403.0,3,45,356
chr11:108016940:108016942,0.2667999893426895,-0.31200000643730164,0.6499999761581421,34.2746257642842,3.1764705882352944,65.06666666666666,0.12361166666666666,0.11158,0.129,0.0,0.3333333333333333,0.6666666666666666,0.02351666666666667,0.0192,0.0361,0.3378833333333333,0.0331,0.9163,0.6386000000000001,0.0476,0.9462,427.0,3,338,87
chr11:112097210:112097212,0.6549999713897705,0.6549999713897705,0.6549999713897705,18.001627502852994,7.047619047619048,38.5,0.08426666666666666,0.08267,0.08667,0.0,0.6666666666666666,0.3333333333333333,0.035833333333333335,0.0212,0.0439,0.6396666666666667,0.1056,0.866,0.3245166666666667,0.0998,0.8732,145.0,3,40,103
chr11:17415827:17415829,0.49580000042915345,0.45500001311302185,0.5569999814033508,22.022334135377616,14.571428571428571,40.16216216216216,0.102695,0.10058,0.10592,0.0,0.5,0.5,0.03698333333333333,0.0226,0.0555,0.49056666666666665,0.1206,0.7342,0.47248333333333337,0.237,0.8568,1582.0,6,1510,70
chr11:17416783:17416785,0.21180001497268677,-1.059999942779541,0.5550000071525574,26.658721398551794,2.882352941176471,47.47826086956522,0.10759833333333334,0.09792,0.12467,0.0,0.0,1.0,0.021666666666666667,0.0191,0.0272,0.08059999999999999,0.0299,0.2635,0.8977499999999999,0.7094,0.951,1582.0,3,1449,131
chr11:17452430:17452432,0.5817999839782715,0.5329999923706055,0.6549999713897705,18.168185267418004,13.652173913043478,26.564102564102566,0.165066,0.14792,0.22192,0.0,0.0,1.0,0.01812,0.0176,0.0189,0.02892,0.0274,0.0301,0.9529400000000001,0.9521,0.9536,1582.0,15,582,999
chr11:17483277:17483279,0.4361999899148941,-0.17499999701976776,0.6499999761581421,14.304118712702474,8.869565217391303,21.6,0.10111166666666666,0.09383,0.11317,0.0,0.16666666666666666,0.8333333333333334,0.03863333333333333,0.022,0.0608,0.26953333333333335,0.0745,0.6456,0.6918333333333333,0.3185,0.9035,1582.0,18,224,1356
chr11:2466495:2466497,0.296999990940094,0.296999990940094,0.296999990940094,30.910478861951514,23.94285714285714,43.2,0.544232,0.51962,0.58201,0.0,1.0,0.0,0.21498,0.1105,0.369,0.67118,0.5237,0.7687,0.1139,0.0716,0.1452,676.0,9,91,584
chr11:2606496:2606498,0.24500000476837158,-0.3840000033378601,0.4659999907016754,36.43263888888888,20.666666666666668,53.0,0.21888833333333335,0.20417,0.231,0.0,0.0,1.0,0.018533333333333332,0.0171,0.0202,0.07465000000000001,0.0351,0.1931,0.9067999999999999,0.7867,0.9469,676.0,6,361,313
chr11:2608840:2608842,0.17799999415874482,-0.765999972820282,0.6499999761581421,24.94186578979418,4.196078431372548,55.46666666666666,0.236118,0.1415,0.336,0.4,0.6,0.0,0.32894,0.0372,0.8085,0.6105,0.1601,0.8866,0.06058,0.0314,0.0814,676.0,3,389,286
chr11:2608846:2608848,0.14739999175071716,-0.781000018119812,0.6499999761581421,15.3028802825478,4.196078431372548,33.55,0.337136,0.26892,0.42567,0.8,0.2,0.0,0.65942,0.1966,0.8744,0.2995,0.0941,0.7406,0.0411,0.0287,0.0629,676.0,3,391,284
chr11:47353676:47353678,0.3563999950885773,-0.257999986410141,0.5609999895095825,11.588141321044546,2.888888888888889,26.84444444444444,0.08848400000000001,0.08425,0.09567,1.0,0.0,0.0,0.8275,0.7588,0.8838,0.1507,0.0923,0.2205,0.02178,0.0184,0.0249,1273.0,18,1252,20
chr11:5246892:5246894,-0.8743999838829041,-3.7179999351501465,0.5550000071525574,30.684261204481796,10.882352941176471,44.4375,0.11452666666666667,0.10842,0.121,0.0,0.0,1.0,0.0184,0.0166,0.0207,0.09885,0.0546,0.1619,0.8827666666666666,0.8175,0.9273,147.0,3,81,64
chr11:5247835:5247837,0.5767999887466431,0.527999997138977,0.6499999761581421,26.050630132394836,7.925925925925926,48.65,0.101048,0.09883,0.10225,0.0,0.6,0.4,0.03138,0.0226,0.0419,0.5027,0.2972,0.8071,0.46593999999999997,0.151,0.6754,147.0,15,95,51
chr11:5248026:5248028,0.37820000350475313,-0.2280000001192093,0.5550000071525574,6.088649940262843,2.64516129032258,14.755555555555558,0.08588833333333333,0.08475,0.08858,0.3333333333333333,0.0,0.6666666666666666,0.30738333333333334,0.03,0.6927,0.14701666666666666,0.0729,0.2035,0.54565,0.1038,0.8971,147.0,3,31,114
chr11:534211:534213,0.520199990272522,0.45899999141693115,0.5609999895095825,24.78343866913661,16.956521739130434,38.26315789473684,0.10441666666666667,0.09592,0.11175,0.0,1.0,0.0,0.07001666666666666,0.0452,0.1129,0.79,0.6931,0.862,0.13995000000000002,0.063,0.2421,170.0,3,36,132
chr11:57381907:57381909,0.5405999898910523,0.45899999141693115,0.5609999895095825,25.479825908858164,14.533333333333335,56.07142857142857,0.14293166666666668,0.12092,0.16025,0.0,1.0,0.0,0.15893333333333334,0.0437,0.446,0.7900333333333333,0.5271,0.9046,0.05103333333333334,0.0269,0.0666,500.0,3,451,47
chr11:61724416:61724418,0.36100001335144044,-0.3440000116825104,0.5630000233650208,22.7329696704377,2.6956521739130435,49.76470588235294,0.09113833333333334,0.08733,0.09592,0.0,0.0,1.0,0.019616666666666668,0.018,0.0226,0.05508333333333334,0.031,0.1293,0.9253166666666665,0.8481,0.9502,585.0,3,193,390
chr11:64575024:64575026,0.42880001068115237,0.3790000081062317,0.4620000123977661,12.969117647058823,4.647058823529412,33.05,0.10709666666666667,0.09458,0.11783,0.0,0.0,1.0,0.02046666666666667,0.0179,0.0221,0.03061666666666667,0.0279,0.0352,0.9489166666666665,0.944,0.952,555.0,6,260,293
chr11:64577325:64577327,0.18200000524520873,-0.6890000104904175,0.4620000123977661,25.925465838509318,3.942857142857143,51.04347826086957,0.174734,0.14033,0.2115,0.0,0.0,1.0,0.02022,0.0191,0.0219,0.04034,0.0297,0.0734,0.9394600000000001,0.9048,0.9512,555.0,18,85,469
chr11:64577458:64577460,0.44540001153945924,0.3790000081062317,0.4620000123977661,9.114975452546611,5.466666666666666,13.548387096774196,0.11274833333333334,0.10283,0.12108,0.0,0.0,1.0,0.019933333333333334,0.0189,0.0213,0.03776666666666667,0.0315,0.0612,0.9423166666666667,0.9175,0.9495,555.0,15,40,513
chr11:71903363:71903365,-0.42619999647140505,-2.98799991607666,0.6499999761581421,35.769733876611745,19.11764705882353,59.54999999999999,0.5665600000000001,0.55669,0.57786,0.0,1.0,0.0,0.05295,0.0384,0.0754,0.7527166666666667,0.696,0.8281,0.19435,0.0966,0.2553,257.0,18,50,205
chr11:76873224:76873226,0.29320000410079955,-0.3199999928474426,0.4909999966621399,15.07307889243373,4.516129032258064,40.26666666666666,0.09293,0.0915,0.09483,0.0,0.0,1.0,0.02231666666666667,0.0181,0.0295,0.053516666666666664,0.0316,0.0842,0.9241833333333332,0.8863,0.9503,2215.0,3,466,1747
chr11:88911352:88911354,0.28959999084472654,-0.13699999451637268,0.6549999713897705,27.346020142949964,5.111111111111112,65.65,0.16407,0.14742,0.18342,0.0,1.0,0.0,0.17551666666666665,0.0502,0.4603,0.7621166666666666,0.4757,0.8869,0.062366666666666674,0.0536,0.0701,529.0,3,243,284
chr12:109998850:109998852,0.2593999862670898,-1.180999994277954,0.6499999761581421,15.962685192020103,2.869565217391304,31.06666666666667,0.11847333333333332,0.10517,0.1325,0.0,0.16666666666666666,0.8333333333333334,0.09889999999999999,0.0174,0.251,0.2933666666666667,0.0746,0.6195,0.6077,0.136,0.908,250.0,15,192,56
chr12:110764201:110764203,0.4339999854564667,-0.18799999356269836,0.6499999761581421,29.022600821830174,10.838709677419356,48.93333333333334,0.12876400000000002,0.10758,0.15033,0.6,0.4,0.0,0.6271800000000001,0.0615,0.9055,0.34892,0.073,0.9093,0.023899999999999998,0.0215,0.0293,997.0,3,183,813
chr12:110784095:110784097,0.5817999839782715,0.5329999923706055,0.6549999713897705,14.82218263083388,5.9411764705882355,28.449999999999996,0.10615333333333334,0.10175,0.11067,0.0,0.0,1.0,0.021033333333333334,0.0199,0.0233,0.039,0.0336,0.0555,0.9399500000000001,0.9212,0.9465,997.0,15,982,13
chr12:114836405:114836407,0.6061999797821045,0.5329999923706055,0.6549999713897705,31.868222096530918,16.235294117647058,47.95,0.2503066666666667,0.22158,0.29475,0.0,1.0,0.0,0.09053333333333334,0.0507,0.1643,0.7599333333333332,0.6546,0.816,0.1495,0.1331,0.181,518.0,6,160,356
chr12:121416605:121416607,0.24019999504089357,-0.49900001287460327,0.46700000762939453,24.015448916408666,7.199999999999999,56.45,0.618514,0.59506,0.63198,0.0,0.0,1.0,0.02062,0.0194,0.0224,0.05828,0.0429,0.1013,0.9210999999999998,0.8764,0.9369,631.0,12,86,544
chr12:2791771:2791773,-0.22459999918937684,-0.9649999737739563,0.6499999761581421,50.223983267347116,37.0,69.27777777777779,0.9616183333333334,0.95462,0.96514,0.0,1.0,0.0,0.1451,0.0415,0.4213,0.7851333333333333,0.4985,0.8854,0.06978333333333334,0.0563,0.0802,2138.0,15,1832,304
chr12:49431304:49431306,0.14160000085830687,-0.4650000035762787,0.5630000233650208,30.962962962962965,25.166666666666664,38.833333333333336,0.99091,0.9902,0.99204,0.0,1.0,0.0,0.10506666666666668,0.0882,0.1158,0.7597166666666667,0.7339,0.8026,0.13521666666666665,0.1092,0.1573,5537.0,3,3277,2258
chr12:52309081:52309083,0.5424000203609467,0.46000000834465027,0.5630000233650208,27.358371178783074,13.025641025641024,51.473684210526315,0.09581599999999998,0.09058,0.09967,0.0,1.0,0.0,0.06251999999999999,0.0389,0.1172,0.86396,0.7998,0.9022,0.07352,0.057,0.1337,503.0,9,281,221
chr12:52314616:52314618,0.29179999232292175,0.25999999046325684,0.31299999356269836,16.855525920513134,3.4857142857142858,27.422222222222224,0.19256600000000001,0.15942,0.20625,0.0,0.0,1.0,0.020819999999999998,0.0191,0.0217,0.03272,0.0289,0.0407,0.9464600000000001,0.9402,0.9497,503.0,3,483,19
chr12:53207422:53207424,0.3303999900817871,-0.47200000286102295,0.5849999785423279,38.18213876193752,7.257142857142856,53.352941176470594,0.16115166666666667,0.14933,0.17458,0.0,0.0,1.0,0.018600000000000002,0.0176,0.0201,0.03075,0.0297,0.0327,0.9506666666666667,0.9472,0.9525,500.0,3,119,379
chr12:56115507:56115509,0.09979999661445618,-0.25,0.5329999923706055,20.041149624880344,11.333333333333332,28.400000000000002,0.10623833333333332,0.09717,0.111,0.0,1.0,0.0,0.09558333333333334,0.048,0.1311,0.8450166666666666,0.8109,0.8883,0.05943333333333333,0.0557,0.064,221.0,3,17,202
chr12:57441166:57441168,-0.04820000827312469,-0.9940000176429749,0.5329999923706055,12.088346410927057,3.9354838709677415,29.91304347826087,0.14454333333333333,0.13542,0.15625,0.0,0.0,1.0,0.1436,0.0219,0.4214,0.07026666666666667,0.032,0.1176,0.7860999999999999,0.4799,0.9461,1043.0,3,116,925
chr12:6128670:6128672,0.49440000057220457,0.45399999618530273,0.5550000071525574,23.67157002203442,6.432432432432432,49.21052631578947,0.1183,0.10908,0.12817,0.0,0.0,1.0,0.02534,0.0192,0.038,0.08576,0.0365,0.1759,0.8888999999999999,0.7862,0.9444,2813.0,3,1304,1508
chr12:6166093:6166095,0.12160000205039978,-0.49399998784065247,0.48399999737739563,9.732168229610684,2.9565217391304346,25.043478260869566,0.09834666666666668,0.09492,0.10358,0.0,0.0,1.0,0.02126666666666667,0.0195,0.0248,0.07893333333333334,0.0323,0.2461,0.8998166666666666,0.7291,0.9476,2813.0,3,624,2187
chr12:6174381:6174383,0.36379999220371245,-0.22100000083446503,0.5609999895095825,24.827777777777772,5.571428571428571,49.04347826086956,0.09387666666666666,0.08692,0.10475,0.0,1.0,0.0,0.34626666666666667,0.0931,0.4728,0.6274166666666666,0.5019,0.8799,0.02631666666666667,0.0212,0.0357,2813.0,6,404,2407
chr13:100634993:100634995,0.5405999898910523,0.45899999141693115,0.5609999895095825,16.74212089881445,8.8,23.377777777777776,0.102016,0.1005,0.10383,0.8,0.2,0.0,0.59792,0.1804,0.8671,0.37188,0.107,0.7883,0.030219999999999997,0.0237,0.0411,532.0,12,322,209
chr13:100635035:100635037,0.22999999225139617,-0.3140000104904175,0.5609999895095825,30.769085933223863,9.777777777777777,53.86206896551724,0.235684,0.1575,0.34392,0.0,1.0,0.0,0.05942000000000001,0.0426,0.079,0.88384,0.8646,0.9005,0.05674,0.0543,0.0592,532.0,9,336,195
chr13:100635330:100635332,0.23499999046325684,-1.069000005722046,0.5609999895095825,36.176331946808546,30.689655172413794,43.65217391304348,0.965175,0.94491,0.97959,0.0,1.0,0.0,0.11108333333333333,0.0533,0.1845,0.8314833333333334,0.7432,0.8943,0.05741666666666667,0.052,0.0722,532.0,12,434,96
chr13:100637727:100637729,0.08479999303817749,-0.828000009059906,0.31299999356269836,40.85507246376812,38.26086956521739,46.52173913043478,0.7351316666666667,0.70552,0.7954,0.0,0.0,1.0,0.01941666666666667,0.0184,0.02,0.055566666666666674,0.0462,0.0804,0.9250166666666667,0.8996,0.9339,532.0,3,462,68
chr13:110813584:110813586,0.41220000982284544,0.3790000081062317,0.4620000123977661,27.39671785728757,6.378378378378378,52.69565217391305,0.211,0.15175,0.2725,0.0,1.0,0.0,0.04918,0.0384,0.0669,0.87662,0.8635,0.8948,0.07422,0.0621,0.0843,1669.0,6,1531,137
chr13:113765052:113765054,-0.20979999303817748,-0.45399999618530273,0.503000020980835,28.325314009661838,19.304347826086957,42.400000000000006,0.16255000000000003,0.15675,0.16767,0.0,1.0,0.0,0.08422,0.0589,0.1241,0.8221399999999999,0.798,0.8527,0.09362,0.065,0.1162,444.0,6,37,406
chr13:113772751:113772753,-0.4262000024318695,-2.9210000038146973,0.46700000762939453,47.3727935222672,27.066666666666666,62.102564102564095,0.50541,0.49892,0.50943,0.0,1.0,0.0,0.10444,0.0492,0.1331,0.84832,0.8173,0.9088,0.047200000000000006,0.0385,0.0585,397.0,15,207,189
chr13:28498713:28498715,0.3694000065326691,-0.27300000190734863,0.5550000071525574,42.35708812260537,29.793103448275865,67.86666666666666,0.8826816666666666,0.85272,0.91257,0.0,1.0,0.0,0.039766666666666665,0.035,0.0436,0.8963500000000001,0.8935,0.8988,0.06388333333333333,0.0613,0.0684,283.0,3,241,40
chr13:32945194:32945196,0.44920000433921814,0.3970000147819519,0.48399999737739563,25.220163081759527,10.285714285714286,47.24444444444445,0.27029166666666665,0.21067,0.39692,0.0,0.0,1.0,0.018566666666666665,0.0182,0.0191,0.029933333333333336,0.0276,0.0355,0.9514666666666667,0.9462,0.9539,3418.0,3,2862,554
chr13:41382634:41382636,0.4796000003814697,0.37400001287460327,0.5569999814033508,14.2440489432703,8.32258064516129,19.217391304347828,0.11918199999999998,0.111,0.131,0.0,0.4,0.6,0.02382,0.0196,0.0274,0.29703999999999997,0.0429,0.6151,0.67912,0.3594,0.9375,301.0,3,227,73
chr13:48919303:48919305,0.41440001130104065,0.3970000147819519,0.48399999737739563,15.614272717034453,4.322580645161291,30.75,0.12112499999999998,0.11583,0.1295,0.0,0.0,1.0,0.018166666666666668,0.0173,0.0187,0.042966666666666674,0.0275,0.0654,0.9388,0.9158,0.9542,928.0,3,155,771
chr13:52511674:52511676,0.3834000051021576,-0.2290000021457672,0.5910000205039978,9.308981211225252,5.161290322580645,12.162162162162163,0.08622166666666665,0.08075,0.09333,0.0,0.6666666666666666,0.3333333333333333,0.15258333333333332,0.0211,0.439,0.5235333333333333,0.1343,0.8985,0.3239166666666667,0.0396,0.8439,1465.0,3,1279,184
chr14:23790703:23790705,0.44540001153945924,0.3790000081062317,0.4620000123977661,50.74228675136116,41.58620689655172,61.42105263157895,0.9536280000000001,0.94162,0.96414,0.0,1.0,0.0,0.0443,0.0343,0.0518,0.85972,0.8126,0.8891,0.09594,0.0604,0.1458,306.0,15,68,237
chr14:23790706:23790708,0.27920001149177553,-0.36899998784065247,0.4620000123977661,55.7633393829401,41.58620689655172,72.94736842105263,0.95563,0.95005,0.96414,0.0,1.0,0.0,0.045099999999999994,0.0343,0.0558,0.8449199999999999,0.8126,0.8891,0.10994,0.0637,0.1458,306.0,9,69,236
chr14:55369065:55369067,0.4997999906539917,0.45899999141693115,0.5609999895095825,18.145714285714284,6.999999999999999,44.5,0.096282,0.09508,0.09792,0.0,0.0,1.0,0.018580000000000003,0.018,0.0195,0.08516,0.0303,0.2071,0.8962600000000001,0.7734,0.9504,250.0,3,105,144
chr14:73640400:73640402,0.3174000084400177,-0.2529999911785126,0.46000000834465027,16.144404186795494,4.222222222222222,28.933333333333334,0.3465533333333333,0.17933,0.50671,0.0,0.0,1.0,0.018083333333333337,0.0177,0.0184,0.028483333333333333,0.027,0.0305,0.9534333333333334,0.9518,0.9546,467.0,6,154,311
chr14:73678575:73678577,0.6295999765396119,0.5329999923706055,0.6549999713897705,39.40928336198201,23.733333333333334,52.48275862068965,0.9882516666666668,0.98418,0.99037,0.0,1.0,0.0,0.062150000000000004,0.0363,0.0906,0.8652000000000001,0.8429,0.8991,0.07266666666666667,0.0568,0.1094,467.0,3,350,115
chr15:25585257:25585259,0.5037999987602234,0.4819999933242798,0.5910000205039978,12.24108331934419,2.228571428571428,26.25,0.10041666666666665,0.0945,0.11125,0.8333333333333334,0.16666666666666666,0.0,0.8259833333333333,0.4878,0.9208,0.15238333333333332,0.0568,0.4914,0.021650000000000003,0.0188,0.025,872.0,3,823,47
chr15:48500254:48500256,0.5817999839782715,0.5329999923706055,0.6549999713897705,19.64674347158218,8.451612903225806,30.666666666666664,0.622488,0.57852,0.69946,0.2,0.8,0.0,0.29876,0.0372,0.4949,0.62612,0.4463,0.8891,0.07514000000000001,0.0587,0.1118,1099.0,3,174,924
chr15:48729241:48729243,0.5573999881744385,0.5329999923706055,0.6549999713897705,27.512819593787338,4.8,60.150000000000006,0.18296600000000002,0.157,0.21658,0.0,1.0,0.0,0.08882000000000001,0.0395,0.2554,0.85908,0.7084,0.9086,0.0521,0.0362,0.0611,2871.0,3,2137,733
chr15:48755297:48755299,0.3475999891757965,-0.38600000739097595,0.5849999785423279,32.21499742331564,16.074074074074073,55.94444444444444,0.18858333333333335,0.166,0.23442,0.0,1.0,0.0,0.06651666666666665,0.0484,0.0786,0.8703500000000001,0.852,0.8873,0.06311666666666667,0.0565,0.0694,2871.0,3,1734,1135
chr15:48780596:48780598,0.5817999839782715,0.5329999923706055,0.6549999713897705,27.804230097836236,7.476190476190475,58.00000000000001,0.15636166666666665,0.12933,0.205,0.3333333333333333,0.6666666666666666,0.0,0.23393333333333333,0.0358,0.5241,0.7181500000000001,0.4375,0.9139,0.04793333333333333,0.0382,0.0617,2871.0,3,1058,1811
chr15:58834112:58834114,0.17239999771118164,-0.6930000185966492,0.40700000524520874,17.798344241857567,1.8260869565217392,48.13333333333333,0.09763833333333333,0.096,0.09842,0.0,0.0,1.0,0.018833333333333334,0.018,0.0213,0.047216666666666664,0.0315,0.0796,0.9340000000000002,0.8992,0.9501,499.0,18,133,364
chr15:65943146:65943148,0.03199999630451202,-0.8379999995231628,0.2809999883174896,52.63157894736842,47.68421052631579,58.578947368421055,0.9860666666666665,0.97868,0.99107,0.0,0.0,1.0,0.0189,0.0177,0.0203,0.06316666666666666,0.0544,0.0754,0.9179666666666666,0.9056,0.9279,1012.0,3,867,143
chr15:74636143:74636145,-0.2171999990940094,-1.319000005722046,0.5370000004768372,18.362073300568472,1.3714285714285714,48.34782608695652,0.10091666666666667,0.09933,0.10417,0.0,0.0,1.0,0.017783333333333335,0.0174,0.0186,0.03021666666666667,0.0291,0.032,0.9519833333333333,0.9494,0.9531,521.0,6,271,248
chr15:89862191:89862193,0.6305999755859375,0.5329999923706055,0.6549999713897705,17.668336014802566,5.371428571428572,44.266666666666666,0.13955499999999998,0.13408,0.14675,0.0,0.16666666666666666,0.8333333333333334,0.05093333333333333,0.0304,0.106,0.3530333333333333,0.1852,0.7859,0.5960333333333333,0.1747,0.7626,1239.0,3,1080,157
chr16:1841101:1841103,0.04679999947547912,-0.27000001072883606,0.5609999895095825,36.12644844588369,3.4705882352941178,51.0,0.13038999999999998,0.128,0.13175,0.0,0.6666666666666666,0.3333333333333333,0.05445,0.0243,0.1042,0.66025,0.1805,0.8919,0.2852666666666666,0.0562,0.7952,605.0,9,376,227
chr16:2103431:2103433,0.41220000982284544,0.3790000081062317,0.4620000123977661,14.041713554987211,0.7647058823529412,28.050000000000004,0.10161600000000001,0.09983,0.10525,0.0,0.0,1.0,0.019139999999999997,0.0179,0.0209,0.02964,0.0265,0.0338,0.95122,0.9468,0.9527,1807.0,9,104,1702
chr16:2108812:2108814,0.46599997878074645,-0.28999999165534973,0.6549999713897705,23.294834633965067,11.826086956521738,35.28205128205128,0.16026500000000002,0.15483,0.1745,0.0,0.5,0.5,0.03188333333333334,0.0197,0.0566,0.385,0.0374,0.8337,0.5831000000000001,0.1419,0.9429,1807.0,15,303,1502
chr16:2120530:2120532,0.33679999113082887,-0.2540000081062317,0.5609999895095825,28.06728965833825,9.384615384615385,66.5,0.097766,0.09425,0.10508,0.0,0.0,1.0,0.01976,0.0187,0.0205,0.07991999999999999,0.0318,0.1871,0.9002800000000001,0.7924,0.9494,1807.0,3,596,1210
chr16:2120567:2120569,0.520199990272522,0.45899999141693115,0.5609999895095825,11.27232303549439,3.288888888888889,23.304347826086957,0.09667999999999999,0.09058,0.10808,0.0,0.16666666666666666,0.8333333333333334,0.03319999999999999,0.0213,0.0802,0.18938333333333332,0.0296,0.6883,0.7774166666666668,0.2314,0.9489,1807.0,3,608,1197
chr16:2140893:2140895,-0.11960000991821289,-0.753000020980835,0.3059999942779541,14.887451432185777,7.882352941176471,28.65,0.13179166666666667,0.11992,0.14408,0.0,0.0,1.0,0.01885,0.0186,0.0192,0.0297,0.0289,0.031,0.9514666666666667,0.9499,0.9524,4302.0,9,3996,304
chr16:2153761:2153763,0.3706000030040741,-0.26600000262260437,0.5550000071525574,29.91392188822764,18.486486486486488,40.8,0.171232,0.16192,0.19083,0.0,0.6,0.4,0.06078,0.0257,0.0914,0.52392,0.0523,0.8612,0.41530000000000006,0.0474,0.922,4302.0,12,2765,1536
chr16:2154563:2154565,0.45080000162124634,0.39800000190734863,0.4860000014305115,27.179644265537387,4.764705882352941,41.65217391304348,0.5143533333333333,0.50567,0.52337,0.0,0.0,1.0,0.01976666666666667,0.0191,0.0202,0.07671666666666667,0.0331,0.1643,0.9035166666666666,0.8159,0.9467,4302.0,9,2698,1602
chr16:2156562:2156564,0.3518000185489655,-0.3179999887943268,0.5440000295639038,36.049758454106275,5.565217391304348,65.66666666666666,0.15881833333333334,0.10708,0.21975,0.6666666666666666,0.3333333333333333,0.0,0.6083166666666666,0.047,0.9309,0.3644833333333333,0.045,0.9175,0.02723333333333333,0.0239,0.0355,4302.0,3,2441,1859
chr16:2158510:2158512,0.2004000186920166,-1.1740000247955322,0.5440000295639038,18.622449685972953,4.235294117647059,38.0,0.15472166666666667,0.12975,0.17225,0.3333333333333333,0.6666666666666666,0.0,0.41054999999999997,0.0946,0.8629,0.47603333333333336,0.1143,0.7415,0.11343333333333333,0.0228,0.2104,4302.0,15,2218,2082
chr16:226945:226947,0.5355999946594239,0.45399999618530273,0.5559999942779541,25.109702291711287,12.57142857142857,39.07142857142858,0.10159800000000001,0.09233,0.11525,0.0,0.8,0.2,0.033120000000000004,0.0236,0.05,0.6601400000000001,0.147,0.812,0.30676000000000003,0.1507,0.8294,142.0,3,37,104
chr16:227040:227042,0.5355999946594239,0.45399999618530273,0.5559999942779541,19.382017042441102,2.4347826086956523,39.5,0.17816666666666667,0.16217,0.19833,0.0,0.0,1.0,0.017900000000000003,0.0176,0.0181,0.03115,0.0283,0.0333,0.9509666666666666,0.9489,0.9537,142.0,12,68,72
chr16:227331:227333,0.12139999866485596,-0.47099998593330383,0.5559999942779541,28.272240571443596,5.523809523809524,43.73913043478261,0.09915000000000002,0.09692,0.10042,0.0,1.0,0.0,0.026019999999999998,0.0226,0.0292,0.73256,0.5637,0.8668,0.24143999999999996,0.1057,0.4101,142.0,15,116,25
chr16:227335:227337,0.37139999866485596,-0.26499998569488525,0.5559999942779541,28.735612770056076,5.523809523809524,43.73913043478261,0.10077666666666668,0.09933,0.1035,0.0,0.6666666666666666,0.3333333333333333,0.025066666666666668,0.0207,0.0292,0.5182000000000001,0.0491,0.8668,0.45671666666666666,0.1057,0.9301,142.0,3,117,23
chr16:2354060:2354062,0.4421999901533127,-0.14499999582767487,0.6499999761581421,17.142623912585137,9.478260869565219,28.058823529411764,0.10699999999999998,0.10308,0.113,0.0,0.0,1.0,0.017833333333333336,0.0174,0.0183,0.0297,0.0282,0.0324,0.9524833333333333,0.9502,0.9538,1646.0,15,400,1244
chr16:2369647:2369649,0.12599999606609344,-0.1420000046491623,0.527999997138977,14.530751431007188,9.73913043478261,18.705882352941178,0.17902666666666667,0.17483,0.1825,0.0,0.0,1.0,0.017833333333333333,0.0169,0.0185,0.0311,0.0274,0.0372,0.9510500000000001,0.9459,0.9541,1646.0,3,268,1376
chr16:3304675:3304677,-0.7749999821186065,-2.7679998874664307,0.46700000762939453,49.12513569604087,30.666666666666664,64.3125,0.9654383333333333,0.9576,0.97819,0.0,1.0,0.0,0.059949999999999996,0.0425,0.0791,0.87665,0.8586,0.8925,0.0634,0.0603,0.0668,490.0,9,130,358
chr16:56904600:56904602,0.35460001826286314,-0.37599998712539673,0.5630000233650208,8.410558613347163,6.258064516129032,11.058823529411764,0.11002833333333333,0.10592,0.11258,0.0,0.0,1.0,0.03341666666666667,0.0196,0.0868,0.0329,0.027,0.0511,0.9336833333333333,0.8621,0.9506,1030.0,18,267,761
chr16:56920281:56920283,0.5218000173568725,0.46000000834465027,0.5630000233650208,11.575447374352041,3.111111111111111,26.400000000000002,0.08315199999999999,0.08217,0.08467,0.4,0.6,0.0,0.36904,0.0497,0.8147,0.5827,0.1414,0.8949,0.048240000000000005,0.0439,0.0553,1030.0,6,643,386
chr16:56947212:56947214,0.1549999952316284,-1.3669999837875366,0.5609999895095825,10.920258280445834,2.764705882352941,20.0,0.09869499999999999,0.084,0.12417,0.0,0.3333333333333333,0.6666666666666666,0.03145,0.0221,0.0571,0.33884999999999993,0.0371,0.8914,0.6297166666666667,0.0515,0.9408,1030.0,3,995,33
chr16:67470651:67470653,0.3340000152587891,-0.37599998712539673,0.5630000233650208,13.400995623539997,1.096774193548387,29.933333333333334,0.10395833333333333,0.09958,0.10942,0.0,0.0,1.0,0.019116666666666667,0.0188,0.0194,0.048249999999999994,0.032,0.1022,0.9326499999999999,0.8788,0.9487,405.0,9,320,83
chr16:67976602:67976604,-0.3996000289916992,-3.121000051498413,0.6499999761581421,10.631382516626992,4.3478260869565215,22.844444444444445,0.10498499999999998,0.10375,0.10758,0.0,1.0,0.0,0.1976,0.0695,0.4425,0.72715,0.4964,0.8348,0.07525,0.0607,0.1149,440.0,3,164,274
chr16:68771363:68771365,0.38459999263286593,-0.21899999678134918,0.5609999895095825,32.66620583717358,7.200000000000001,63.933333333333344,0.1149,0.1105,0.119,0.4,0.6,0.0,0.37458,0.0392,0.8772,0.5988399999999999,0.1004,0.9283,0.026619999999999998,0.0207,0.0325,882.0,3,78,803
chr17:3563605:3563607,0.2440000057220459,-0.3790000081062317,0.4620000123977661,10.239201228878647,4.238095238095238,19.35483870967742,0.112882,0.10825,0.12042,0.0,0.0,1.0,0.019,0.0187,0.0192,0.02964,0.028,0.0323,0.95138,0.9486,0.9529,367.0,12,348,18
chr17:39724441:39724443,0.10299999713897705,-0.44699999690055847,0.47099998593330383,14.711606498786807,3.5217391304347827,40.43750000000001,0.499066,0.43567,0.5268,0.0,0.0,1.0,0.0196,0.018,0.0208,0.03984,0.0322,0.0532,0.9405800000000001,0.926,0.9498,623.0,3,455,167
chr17:39727740:39727742,0.5417999863624573,0.47699999809265137,0.5849999785423279,22.61712432050894,3.225806451612903,48.13333333333333,0.10297333333333335,0.10133,0.10717,0.0,0.0,1.0,0.01788333333333333,0.0176,0.0182,0.030566666666666662,0.0296,0.0328,0.9515666666666668,0.9496,0.9525,623.0,9,167,454
chr17:39927987:39927989,0.50239999294281,0.4429999887943268,0.5419999957084656,37.21203765877679,15.428571428571427,62.45,0.5226633333333334,0.51437,0.52786,0.0,1.0,0.0,0.10253333333333332,0.044,0.2228,0.7828166666666667,0.592,0.8833,0.11466666666666665,0.0727,0.1852,591.0,3,39,550
chr17:42462701:42462703,-0.2570000171661377,-1.3890000581741333,0.5109999775886536,34.22379024073397,17.238095238095237,56.06666666666666,0.18623499999999996,0.10767,0.29508,0.0,1.0,0.0,0.08485,0.0386,0.2738,0.8227000000000001,0.6752,0.8779,0.09246666666666666,0.051,0.1477,1005.0,6,191,812
chr17:42988680:42988682,0.30619998574256896,-0.15600000321865082,0.6499999761581421,21.843084408947917,6.608695652173912,44.46666666666667,0.10158333333333332,0.099,0.10617,0.0,0.0,1.0,0.01785,0.0175,0.018,0.031483333333333335,0.0296,0.0346,0.95065,0.9475,0.9524,432.0,6,349,81
chr17:42992473:42992475,0.06520001292228698,-0.5019999742507935,0.4620000123977661,33.4826797385621,6.764705882352941,53.833333333333336,0.14741833333333332,0.13892,0.15975,0.0,0.0,1.0,0.017916666666666668,0.0175,0.0183,0.03626666666666666,0.0306,0.0538,0.9458166666666666,0.9287,0.9516,432.0,6,126,304
chr17:4802306:4802308,0.6305999755859375,0.5329999923706055,0.6549999713897705,46.98531183030039,36.142857142857146,55.736842105263165,0.262714,0.25225,0.27908,0.0,0.4,0.6,0.01886,0.0155,0.0211,0.42694,0.1504,0.811,0.55424,0.168,0.8295,493.0,18,438,54
chr17:48245756:48245758,0.08940001130104065,-0.4869999885559082,0.4620000123977661,10.817013548363663,2.782608695652174,21.77777777777778,0.11105000000000001,0.10742,0.11525,1.0,0.0,0.0,0.81904,0.5391,0.9135,0.14896,0.0611,0.4168,0.03196,0.0219,0.044,298.0,15,135,162
chr17:48264241:48264243,0.09779999256134034,-0.6570000052452087,0.31299999356269836,17.886756621689155,13.652173913043478,23.130434782608695,0.5628566666666667,0.51621,0.63641,0.0,1.0,0.0,0.04661666666666666,0.0436,0.0518,0.8864,0.8782,0.8908,0.06696666666666667,0.0636,0.0739,1464.0,9,1190,272
chr17:48265938:48265940,0.30239999294281006,0.25999999046325684,0.31299999356269836,29.730034982508744,18.266666666666666,42.82758620689655,0.5683766666666666,0.56186,0.58653,0.0,1.0,0.0,0.05535,0.0455,0.0967,0.8830999999999999,0.8469,0.8915,0.061516666666666664,0.0564,0.0637,1464.0,9,1052,410
chr17:48267266:48267268,0.07139999270439149,-0.7360000014305115,0.31299999356269836,36.858646563814865,25.733333333333334,52.32258064516129,0.598334,0.59232,0.60629,0.0,1.0,0.0,0.05212,0.0449,0.061,0.8846399999999999,0.8777,0.8904,0.06328,0.0614,0.0648,1464.0,3,855,608
chr17:6328811:6328813,-0.8147999882698059,-2.9519999027252197,0.4620000123977661,27.498209869533397,11.38095238095238,47.05,0.11983333333333335,0.11167,0.12925,0.3333333333333333,0.6666666666666666,0.0,0.33923333333333333,0.0789,0.5989,0.6067833333333333,0.3631,0.8858,0.05396666666666667,0.0322,0.1233,372.0,12,53,317
chr17:6329007:6329009,0.42880001068115237,0.3790000081062317,0.4620000123977661,43.420471869328495,23.517241379310345,68.9,0.125168,0.10817,0.14017,0.0,1.0,0.0,0.10962000000000001,0.0398,0.3342,0.7879599999999999,0.6041,0.9095,0.10238,0.0293,0.3417,270.0,18,143,126
chr17:6329084:6329086,0.42880001068115237,0.3790000081062317,0.4620000123977661,21.336281898109856,5.185185185185185,39.87096774193548,0.41591833333333333,0.23892,0.53224,0.5,0.5,0.0,0.47041666666666665,0.1389,0.8318,0.49158333333333326,0.1409,0.803,0.038,0.0266,0.0582,270.0,6,117,151
chr17:78063674:78063676,0.476800000667572,0.42100000381469727,0.5139999985694885,27.158500605869026,6.368421052631579,48.4,0.5739833333333333,0.55468,0.59993,0.0,0.0,1.0,0.018516666666666664,0.018,0.019,0.03038333333333333,0.0278,0.0325,0.9510833333333332,0.9487,0.954,1030.0,3,940,88
chr17:7906887:7906889,0.3025999844074249,-0.16500000655651093,0.6549999713897705,18.94004113722784,3.6470588235294117,51.955555555555556,0.08912666666666667,0.08142,0.09292,0.0,0.16666666666666666,0.8333333333333334,0.022633333333333335,0.0204,0.0254,0.19085,0.0284,0.9058,0.7865333333333333,0.0695,0.9504,1103.0,6,176,925
chr17:7919283:7919285,0.30239999294281006,0.25999999046325684,0.31299999356269836,25.419122350514147,2.5882352941176476,56.044444444444444,0.10293000000000001,0.1,0.10875,0.0,0.0,1.0,0.02161666666666667,0.0208,0.023,0.035666666666666666,0.0313,0.0462,0.9427333333333334,0.9309,0.9478,1103.0,6,1026,75
chr18:55247347:55247349,0.3145999789237976,-0.25600001215934753,0.6549999713897705,24.266358762010938,14.695652173913043,39.38888888888889,0.730806,0.71329,0.7613,0.0,0.0,1.0,0.02066,0.0198,0.0218,0.04948,0.0358,0.0799,0.92986,0.8989,0.9442,423.0,18,50,372
chr18:59992646:59992648,0.25699999928474426,-0.49900001287460327,0.46700000762939453,40.34074833399103,6.260869565217392,61.066666666666656,0.20518166666666668,0.19092,0.23842,0.0,1.0,0.0,0.07665,0.0348,0.1386,0.7589999999999999,0.6062,0.8805,0.16435000000000002,0.0649,0.3098,299.0,15,41,256
chr18:59992647:59992649,0.25699999928474426,-0.49900001287460327,0.46700000762939453,47.15672408774576,33.51111111111111,61.066666666666656,0.20458400000000002,0.19092,0.23842,0.0,1.0,0.0,0.07518,0.0348,0.1386,0.78956,0.6808,0.8805,0.13526,0.0649,0.2132,299.0,18,42,256
chr19:11216260:11216262,0.2240000069141388,-0.32600000500679016,0.5910000205039978,36.7084986015764,20.315789473684212,62.63157894736842,0.3774016666666667,0.32225,0.40083,0.0,1.0,0.0,0.03793333333333333,0.0302,0.0453,0.7794833333333333,0.5924,0.8739,0.18259999999999998,0.0922,0.3774,860.0,12,225,633
chr19:11216262:11216264,0.38560000658035276,-0.21799999475479126,0.5910000205039978,36.34353165522502,20.315789473684212,62.63157894736842,0.388432,0.36258,0.40083,0.0,1.0,0.0,0.038720000000000004,0.0302,0.0453,0.7605999999999999,0.5924,0.8463,0.20068000000000003,0.1111,0.3774,860.0,9,226,633
chr19:11216264:11216266,0.5474000096321106,0.4819999933242798,0.5910000205039978,38.55710971268751,20.315789473684212,62.63157894736842,0.38427666666666666,0.36258,0.40083,0.0,1.0,0.0,0.03771666666666667,0.0302,0.0453,0.7333666666666666,0.5924,0.8463,0.22891666666666666,0.1111,0.3774,860.0,12,226,632
chr19:11218120:11218122,-0.17420001029968263,-1.2680000066757202,0.5609999895095825,27.444669680737793,9.714285714285714,61.66666666666667,0.18237499999999998,0.17017,0.19858,0.6666666666666666,0.3333333333333333,0.0,0.3966333333333334,0.0417,0.6354,0.45615000000000006,0.3245,0.6728,0.14721666666666666,0.0401,0.4357,860.0,3,289,569
chr19:11227563:11227565,0.2068000078201294,-0.6480000019073486,0.4620000123977661,13.044669719220087,5.612903225806451,33.45,0.08315166666666667,0.081,0.08533,0.6666666666666666,0.3333333333333333,0.0,0.5854,0.0414,0.8963,0.3812333333333333,0.08,0.8913,0.03333333333333333,0.018,0.0673,860.0,3,577,281
chr19:11240222:11240224,0.0578000009059906,-0.9610000252723694,0.5580000281333923,8.782434264028192,7.290322580645162,10.882352941176471,0.154634,0.13567,0.17833,0.0,0.0,1.0,0.12561999999999998,0.0265,0.1851,0.09046,0.0586,0.1397,0.78392,0.6752,0.915,860.0,18,807,52
chr19:13006877:13006879,0.2897999882698059,-0.13600000739097595,0.6549999713897705,23.16097611177703,10.0,40.10526315789474,0.5279616666666667,0.52657,0.53035,0.3333333333333333,0.6666666666666666,0.0,0.3839333333333333,0.1073,0.6554,0.5296333333333333,0.3106,0.7191,0.08645000000000001,0.0341,0.1736,438.0,3,191,245
chr19:13397467:13397469,0.18959999680519105,-0.39399999380111694,0.5419999957084656,53.708524904214556,37.46666666666667,68.0,0.9882083333333332,0.98561,0.99013,0.0,1.0,0.0,0.0536,0.05,0.0585,0.8857500000000001,0.8809,0.8895,0.06063333333333334,0.06,0.062,2506.0,9,1133,1371
chr19:1398962:1398964,0.2869999915361404,0.24699999392032623,0.296999990940094,26.6709508212133,13.714285714285715,43.42105263157895,0.11477666666666668,0.09333,0.12933,0.0,1.0,0.0,0.11028333333333333,0.038,0.2375,0.7780833333333333,0.5419,0.8739,0.11158333333333333,0.057,0.2205,236.0,15,173,61
chr19:15303247:15303249,0.5115999937057495,0.45100000500679016,0.5519999861717224,30.493662666874446,9.481481481481483,46.347826086956516,0.19715,0.17642,0.24808,0.8,0.2,0.0,0.65158,0.4373,0.8164,0.32530000000000003,0.1567,0.5343,0.02314,0.0181,0.0284,2321.0,3,93,2227
chr19:18896843:18896845,0.43760000467300414,0.4020000100135803,0.4909999966621399,30.75333333333333,19.133333333333333,46.199999999999996,0.773058,0.7517,0.79706,0.0,1.0,0.0,0.04032,0.0382,0.043,0.88304,0.8758,0.8926,0.07662,0.0671,0.0841,757.0,3,473,283
chr19:18896910:18896912,0.290200001001358,-0.42399999499320984,0.4909999966621399,27.401703454148503,12.645161290322582,54.42857142857142,0.8459966666666667,0.81509,0.8958,0.0,1.0,0.0,0.0491,0.0436,0.0578,0.8804166666666666,0.8717,0.8896,0.07048333333333334,0.0646,0.0834,757.0,9,450,305
chr19:33355004:33355006,0.26140000224113463,-0.4790000021457672,0.4909999966621399,7.7211789063451475,2.9565217391304346,11.23529411764706,0.148366,0.143,0.15375,0.0,0.0,1.0,0.01844,0.0182,0.0186,0.0269,0.0266,0.0273,0.95466,0.9543,0.9549,487.0,3,158,328
chr19:39055842:39055844,-0.09160000085830688,-1.2020000219345093,0.1860000044107437,26.62091097308489,8.08695652173913,44.14285714285714,0.8009283333333332,0.71462,0.87627,0.0,0.0,1.0,0.019233333333333335,0.0182,0.021,0.04728333333333334,0.0326,0.088,0.9334833333333333,0.891,0.9492,5033.0,9,4283,748
chr19:39055941:39055943,-0.14079999923706055,-1.3880000114440918,0.1860000044107437,30.644468125414416,10.882352941176471,67.95555555555556,0.20863833333333334,0.18708,0.22558,0.0,0.5,0.5,0.025449999999999997,0.0208,0.0315,0.4439166666666667,0.0524,0.8372,0.5306166666666666,0.1313,0.9226,5033.0,9,4316,715
chr19:41858910:41858912,0.2312000036239624,-0.609000027179718,0.4620000123977661,11.685598377281949,6.294117647058823,17.17241379310345,0.556075,0.54523,0.56898,0.0,0.0,1.0,0.020833333333333332,0.02,0.022,0.0294,0.0271,0.0332,0.9497833333333333,0.9468,0.9518,390.0,12,12,376
chr19:41930385:41930387,0.3563999950885773,-0.257999986410141,0.5609999895095825,35.255387931034484,10.620689655172413,56.75862068965517,0.40027999999999997,0.37308,0.43992,0.0,0.6666666666666666,0.3333333333333333,0.0319,0.0227,0.0397,0.6745333333333333,0.1978,0.9103,0.2935833333333333,0.052,0.7796,479.0,6,436,41
chr19:42364896:42364898,0.4723999798297882,-0.13600000739097595,0.6549999713897705,18.38748911439283,2.5882352941176476,52.53333333333333,0.13683333333333333,0.11592,0.202,0.0,0.0,1.0,0.019616666666666668,0.0188,0.0204,0.02995,0.0276,0.0313,0.9504,0.9495,0.9519,145.0,3,16,127
chr19:42373117:42373119,0.42880001068115237,0.3790000081062317,0.4620000123977661,12.286023855844826,1.9999999999999998,22.923076923076923,0.14957,0.11258,0.24642,0.0,0.16666666666666666,0.8333333333333334,0.05318333333333333,0.0205,0.1258,0.1807,0.0399,0.4858,0.7661166666666667,0.3884,0.9396,145.0,3,62,81
chr19:47259676:47259678,0.2846000075340271,0.2540000081062317,0.3050000071525574,38.31161334066036,2.3870967741935485,64.13333333333333,0.08517999999999999,0.08158,0.08817,0.16666666666666666,0.3333333333333333,0.5,0.11858333333333333,0.0197,0.5287,0.40040000000000003,0.0347,0.9127,0.48103333333333337,0.0213,0.9456,495.0,9,335,158
chr19:7184433:7184435,0.4723999798297882,-0.13600000739097595,0.6549999713897705,40.13818082788671,11.823529411764707,62.33333333333333,0.37569,0.234,0.50089,0.0,0.6666666666666666,0.3333333333333333,0.03571666666666667,0.0189,0.0693,0.5171833333333333,0.0958,0.817,0.4471,0.1311,0.8853,1370.0,12,288,1080
chr2:128180694:128180696,0.2792000025510788,0.23999999463558197,0.289000004529953,31.552795031055904,6.476190476190475,48.66666666666667,0.13568399999999997,0.10942,0.16308,0.4,0.6,0.0,0.32748,0.0403,0.8758,0.6334000000000002,0.099,0.9131,0.0391,0.0249,0.0573,461.0,9,115,345
chr2:128186051:128186053,0.19519999027252197,-0.3970000147819519,0.5609999895095825,26.308121517421274,1.7647058823529411,55.722222222222214,0.09437666666666666,0.0865,0.10975,0.3333333333333333,0.6666666666666666,0.0,0.3226666666666666,0.0452,0.7128,0.6308666666666668,0.2463,0.9115,0.04645,0.0298,0.0797,461.0,3,304,155
chr2:128186277:128186279,0.24219999015331267,-0.3449999988079071,0.6549999713897705,36.683499060162255,10.516129032258064,62.43478260869565,0.14873666666666666,0.14433,0.15542,0.0,1.0,0.0,0.0633,0.0322,0.0895,0.8325833333333335,0.68,0.8818,0.10410000000000001,0.0525,0.2878,461.0,6,379,80
chr2:150435991:150435993,0.49580000042915345,0.45500001311302185,0.5569999814033508,40.50064761221041,24.705882352941178,49.30434782608696,0.526374,0.51414,0.53893,0.0,0.4,0.6,0.02828,0.0226,0.0396,0.43352,0.0789,0.8585,0.5382,0.1019,0.8976,296.0,18,108,187
chr2:189871695:189871697,0.43899998664855955,-0.17599999904632568,0.6549999713897705,32.41952357154756,16.666666666666664,44.96551724137931,0.6324533333333333,0.61322,0.65622,0.0,1.0,0.0,0.05648333333333333,0.045,0.0698,0.8781333333333333,0.8605,0.891,0.0654,0.0621,0.0698,1466.0,15,1077,387
chr2:211441143:211441145,0.6255999803543091,0.527999997138977,0.6499999761581421,12.492809696342304,8.521739130434783,17.466666666666665,0.17659666666666665,0.133,0.22408,0.0,1.0,0.0,0.08031666666666666,0.0511,0.1289,0.8631833333333332,0.8191,0.8941,0.05648333333333333,0.052,0.0609,121.0,6,102,17
chr2:220431596:220431598,0.43639997839927674,-0.3160000145435333,0.6549999713897705,7.27618483640924,3.571428571428571,12.26086956521739,0.0893,0.08575,0.09275,1.0,0.0,0.0,0.7893800000000001,0.6878,0.8735,0.19014,0.1049,0.2922,0.0205,0.0159,0.0234,1401.0,3,696,704
chr2:223161727:223161729,0.22099997997283935,-1.2710000276565552,0.6549999713897705,23.624971641163544,18.857142857142858,33.04347826086956,0.531245,0.52057,0.54739,0.0,1.0,0.0,0.20118333333333335,0.097,0.3486,0.7384499999999999,0.6057,0.8249,0.0604,0.0457,0.081,403.0,6,96,305
chr2:228160016:228160018,0.04520000815391541,-0.984000027179718,0.5630000233650208,36.15636174968071,17.733333333333334,53.422222222222224,0.6124716666666666,0.6033,0.62173,0.0,1.0,0.0,0.045616666666666666,0.0415,0.0544,0.8898833333333335,0.8818,0.8933,0.06458333333333334,0.0633,0.0654,1670.0,3,1182,486
chr2:233405370:233405372,0.3318000197410583,-0.47099998593330383,0.5580000281333923,13.697212734556189,3.612903225806451,29.294117647058826,0.09173400000000001,0.08792,0.09708,1.0,0.0,0.0,0.7368399999999999,0.6089,0.799,0.23268,0.1626,0.3648,0.030479999999999997,0.0263,0.0384,517.0,9,99,417
chr2:241808705:241808707,0.19900001287460328,-1.2599999904632568,0.5910000205039978,25.904154805649206,10.258064516129032,48.41379310344828,0.090532,0.08733,0.09583,0.0,0.8,0.2,0.06286,0.0362,0.0994,0.73692,0.1942,0.9278,0.20020000000000002,0.0359,0.7557,392.0,3,94,297
chr2:27719792:27719794,0.2669999897480011,-0.25,0.6549999713897705,23.759293509927065,13.771428571428574,33.47826086956522,0.24811166666666665,0.22275,0.27525,0.3333333333333333,0.6666666666666666,0.0,0.4066166666666667,0.271,0.5539,0.5570333333333334,0.417,0.6953,0.036366666666666665,0.0291,0.0477,625.0,6,27,596
chr2:32366987:32366989,0.5474000096321106,0.4819999933242798,0.5910000205039978,20.98755292860482,8.516129032258064,45.35,0.09201800000000002,0.09058,0.09442,0.6,0.2,0.2,0.47094,0.0496,0.8417,0.33492,0.1116,0.6929,0.19414,0.0318,0.5103,584.0,3,470,113
chr2:32370037:32370039,0.5146000027656555,0.45399999618530273,0.5550000071525574,16.405452035886817,3.6470588235294117,30.17391304347826,0.10590333333333334,0.10317,0.109,0.0,0.0,1.0,0.021416666666666667,0.0183,0.027,0.06551666666666667,0.034,0.1725,0.9130833333333334,0.8005,0.9476,584.0,6,516,66
chr2:38298286:38298288,-0.35300000905990603,-2.503000020980835,0.6549999713897705,10.766583850931678,1.9285714285714288,19.428571428571427,0.206534,0.1435,0.2915,0.0,0.0,1.0,0.01808,0.0167,0.0194,0.03806,0.0316,0.0534,0.9438599999999999,0.9278,0.9507,543.0,12,323,219
chr2:38301716:38301718,-0.041000005602836606,-0.9710000157356262,0.527999997138977,22.59960901027078,2.1714285714285713,44.800000000000004,0.098485,0.09525,0.10225,0.0,0.0,1.0,0.01845,0.0177,0.0199,0.027966666666666664,0.0275,0.0287,0.9536000000000001,0.9525,0.9548,543.0,9,271,270
chr2:38302167:38302169,0.2306000053882599,-0.28200000524520874,0.5910000205039978,15.674230503795721,4.782608695652174,40.97777777777778,0.10205,0.09667,0.11208,0.6,0.4,0.0,0.54204,0.0839,0.8866,0.42878,0.09,0.8749,0.02918,0.0234,0.0413,543.0,18,121,421
chr2:39250125:39250127,0.5161999940872193,0.45500001311302185,0.5569999814033508,48.37738189728665,30.470588235294116,58.666666666666664,0.57069,0.55665,0.58031,0.0,1.0,0.0,0.06381666666666667,0.0432,0.0831,0.8760666666666667,0.8606,0.895,0.06009999999999999,0.0562,0.0623,1333.0,9,480,851
chr2:47630350:47630352,0.5146000027656555,0.45399999618530273,0.5550000071525574,21.17013444483589,6.470588235294119,54.32432432432432,0.16565333333333335,0.14158,0.19092,0.5,0.0,0.5,0.3837333333333334,0.0207,0.9023,0.14215,0.0464,0.4205,0.4741166666666667,0.0267,0.9328,934.0,18,80,852
chr2:47635608:47635610,0.43339999914169314,0.382999986410141,0.46700000762939453,19.41952350832806,2.3529411764705883,34.13333333333333,0.10025,0.09292,0.11275,0.0,0.0,1.0,0.022883333333333335,0.0203,0.0271,0.09179999999999999,0.0292,0.3284,0.8853000000000001,0.6445,0.9504,934.0,3,92,840
chr2:47705436:47705438,0.49340000152587893,0.47200000286102295,0.5789999961853027,3.788848292940365,2.685714285714286,4.628571428571428,0.08211166666666667,0.08058,0.08508,0.8333333333333334,0.16666666666666666,0.0,0.6974166666666667,0.1642,0.9019,0.2759333333333333,0.0764,0.7957,0.02666666666666667,0.0217,0.0401,934.0,3,744,188
chr2:48033726:48033728,0.5573999881744385,0.5329999923706055,0.6549999713897705,29.756411189263485,1.6129032258064515,49.578947368421055,0.11579166666666667,0.114,0.117,0.0,0.0,1.0,0.0207,0.0164,0.026,0.03886666666666666,0.0314,0.0571,0.9403999999999999,0.9169,0.9493,1360.0,12,1311,47
chr2:71909767:71909769,0.4471999853849411,-0.14000000059604645,0.6549999713897705,23.05411764705882,21.000000000000004,26.8,0.13183399999999998,0.12383,0.14075,0.0,0.0,1.0,0.01822,0.0178,0.0193,0.02778,0.0273,0.0282,0.95396,0.9527,0.9546,2080.0,12,2054,25
chr2:85889200:85889202,0.3864000171422958,-0.21699999272823334,0.5630000233650208,19.154643849877115,1.6470588235294115,39.37931034482759,0.12256833333333333,0.11983,0.12517,0.0,0.0,1.0,0.018283333333333335,0.0166,0.02,0.029866666666666666,0.028,0.0323,0.9518166666666668,0.9504,0.9526,381.0,3,344,35
chr20:43052775:43052777,0.5218000173568725,0.46000000834465027,0.5630000233650208,12.4509391124871,5.235294117647059,20.36842105263158,0.09978200000000001,0.09808,0.10233,0.0,0.0,1.0,0.0214,0.0192,0.0228,0.04372,0.0352,0.059,0.93488,0.9182,0.9455,452.0,3,314,137
chr20:43052788:43052790,0.049000021815299985,-1.11899995803833,0.5630000233650208,15.841640104317586,9.411764705882353,24.857142857142854,0.09698499999999999,0.09517,0.09808,0.0,0.16666666666666666,0.8333333333333334,0.02115,0.0169,0.024,0.24555000000000002,0.0377,0.5399,0.7333,0.4432,0.9423,452.0,6,318,132
chr20:57485806:57485808,0.24879999756813048,-0.4560000002384186,0.46700000762939453,19.492995088527774,2.6285714285714286,53.10526315789475,0.09573666666666668,0.09325,0.0975,0.0,0.3333333333333333,0.6666666666666666,0.03441666666666667,0.02,0.0621,0.4010833333333334,0.0417,0.8651,0.5644833333333333,0.0728,0.9369,1037.0,12,1011,24
chr21:34793966:34793968,0.4353999853134155,-0.1809999942779541,0.6499999761581421,29.96076241036655,9.741935483870968,42.3448275862069,0.12830000000000003,0.12283,0.13392,0.4,0.6,0.0,0.32338,0.0628,0.5843,0.6197600000000001,0.3374,0.8867,0.05683999999999999,0.0443,0.0783,337.0,6,128,208
chr21:35742941:35742943,0.2891999840736389,-0.8080000281333923,0.6549999713897705,20.93273795534665,14.400000000000002,31.08108108108108,0.209802,0.19017,0.23467,0.0,0.0,1.0,0.0177,0.0171,0.0184,0.030959999999999998,0.0282,0.0351,0.95136,0.9478,0.9534,123.0,3,58,64
chr22:30032771:30032773,0.6061999797821045,0.5329999923706055,0.6549999713897705,10.880026906820076,2.3703703703703707,27.53333333333333,0.096418,0.094,0.102,0.0,0.0,1.0,0.0206,0.0193,0.0222,0.03298,0.0309,0.0348,0.9463800000000001,0.9443,0.9485,165.0,3,48,116
chr22:32482272:32482274,0.49859999418258666,0.47699999809265137,0.5849999785423279,17.981150793650794,6.000000000000001,26.8,0.11557,0.09975,0.13025,0.0,0.6666666666666666,0.3333333333333333,0.04750000000000001,0.0293,0.0808,0.5584,0.0829,0.8991,0.39410000000000006,0.0649,0.8878,664.0,15,361,301
chr22:38374087:38374089,0.21460000872612,-0.6660000085830688,0.45500001311302185,34.94083087612499,17.176470588235293,46.7027027027027,0.7659783333333333,0.69352,0.84491,0.0,0.0,1.0,0.021833333333333333,0.0192,0.0233,0.07104999999999999,0.044,0.1436,0.9070833333333334,0.833,0.9368,466.0,6,160,304
chr22:39777823:39777825,-0.29420000314712524,-1.5520000457763672,0.4620000123977661,48.0754549982669,36.53333333333333,65.21428571428571,0.8765200000000002,0.85973,0.90051,0.0,1.0,0.0,0.059500000000000004,0.0414,0.0869,0.8760666666666667,0.847,0.8936,0.06441666666666666,0.0615,0.0663,233.0,3,201,30
chr22:50502591:50502593,0.20459999442100524,-0.3190000057220459,0.5559999942779541,11.978810879190386,8.882352941176471,15.0,0.11399833333333333,0.11133,0.118,0.0,0.0,1.0,0.021366666666666662,0.0202,0.0228,0.029500000000000002,0.0266,0.033,0.9491166666666668,0.9442,0.9522,377.0,3,309,66
chr22:50964821:50964823,0.44059998989105226,0.375,0.4569999873638153,30.720682011935207,9.652173913043478,46.78260869565217,0.18501599999999999,0.17675,0.19208,0.0,0.2,0.8,0.020040000000000002,0.0186,0.0223,0.33258,0.0419,0.8757,0.6473599999999999,0.1053,0.938,482.0,18,337,144
chr3:10183759:10183761,0.5100000023841857,0.44999998807907104,0.550000011920929,36.89410046438769,8.826086956521738,59.10344827586207,0.12761,0.11358,0.14958,0.3333333333333333,0.6666666666666666,0.0,0.3433833333333334,0.0551,0.6977,0.6176333333333334,0.2721,0.8881,0.03901666666666667,0.0292,0.0568,172.0,3,95,75
chr3:10183846:10183848,0.3114000022411346,-0.35899999737739563,0.4790000021457672,21.862319757262416,2.838709677419355,45.73913043478261,0.09980500000000002,0.0965,0.10633,0.0,0.0,1.0,0.024050000000000002,0.0209,0.0352,0.05623333333333333,0.0344,0.1141,0.9197333333333333,0.8507,0.9447,172.0,3,124,46
chr3:10183854:10183856,0.4446000039577484,0.3930000066757202,0.4790000021457672,30.492597328786587,8.0,53.349999999999994,0.110048,0.09858,0.12733,0.0,0.4,0.6,0.03448,0.0221,0.0532,0.3854,0.0526,0.9028,0.58014,0.0582,0.9253,172.0,3,127,44
chr3:10188241:10188243,-0.1593999981880188,-0.46000000834465027,0.5630000233650208,31.34221484292642,13.548387096774196,46.25,0.17829333333333333,0.13408,0.22725,0.5,0.5,0.0,0.45611666666666667,0.079,0.784,0.49943333333333334,0.1786,0.8673,0.04445000000000001,0.0358,0.0548,213.0,3,127,84
chr3:10191479:10191481,0.4227999895811081,-0.14000000059604645,0.6549999713897705,26.275276085188633,6.411764705882353,39.69565217391305,0.105875,0.10467,0.107,0.0,0.16666666666666666,0.8333333333333334,0.024750000000000005,0.0216,0.0367,0.2014,0.0325,0.6925,0.7738166666666667,0.2708,0.9458,213.0,3,156,55
chr3:10191540:10191542,0.4479999840259552,-0.13600000739097595,0.6549999713897705,34.75417366946778,3.6470588235294117,58.48888888888889,0.13901599999999997,0.12625,0.14792,0.0,0.6,0.4,0.03428,0.0229,0.0456,0.6040599999999999,0.1219,0.9015,0.36166,0.0529,0.8535,213.0,18,177,35
chr3:136048787:136048789,0.32800000309944155,-0.3779999911785126,0.5550000071525574,16.331174756537077,1.7142857142857144,28.088888888888892,0.14034666666666668,0.12733,0.16517,0.0,0.0,1.0,0.020233333333333336,0.0186,0.0218,0.039733333333333336,0.0297,0.0707,0.9400333333333332,0.9075,0.9517,539.0,3,512,25
chr3:14193857:14193859,0.5218000173568725,0.46000000834465027,0.5630000233650208,39.79069787054607,9.096774193548386,68.26666666666668,0.441376,0.31483,0.50808,0.0,1.0,0.0,0.10534000000000002,0.0413,0.2245,0.8368599999999999,0.6996,0.9029,0.0578,0.052,0.0759,940.0,3,697,242
chr3:181430216:181430218,0.16719999313354492,-0.4399999976158142,0.5609999895095825,53.556310386473434,36.608695652173914,66.7,0.9339383333333333,0.90898,0.95691,0.0,1.0,0.0,0.050666666666666665,0.0359,0.0633,0.8786999999999999,0.8672,0.8906,0.07065,0.0625,0.0847,317.0,3,33,282
chr3:189608644:189608646,0.5012000143527985,0.46000000834465027,0.5630000233650208,19.95266850701633,7.7714285714285705,33.14285714285714,0.15965166666666666,0.14733,0.17175,0.0,0.5,0.5,0.18838333333333332,0.0765,0.2942,0.47008333333333335,0.2257,0.7202,0.34148333333333336,0.1745,0.4801,595.0,3,487,106
chr3:193361842:193361844,0.2337999939918518,-0.3019999861717224,0.6549999713897705,7.545385379958435,5.225806451612903,11.785714285714285,0.11720000000000001,0.11258,0.12433,1.0,0.0,0.0,0.88332,0.8465,0.9149,0.09322,0.0617,0.1315,0.0235,0.0215,0.0262,961.0,6,464,496
chr3:37061802:37061804,0.4007999897003174,-0.25,0.6549999713897705,9.429189341640546,1.6470588235294115,35.94736842105263,0.08215333333333334,0.07867,0.08875,0.8333333333333334,0.16666666666666666,0.0,0.7782333333333334,0.3775,0.9102,0.19990000000000005,0.0671,0.5993,0.0219,0.0192,0.0259,756.0,12,294,460
chr3:37092027:37092029,0.5773999810218811,0.5289999842643738,0.6499999761581421,7.1077482518465755,3.483870967741936,12.342857142857145,0.19957,0.13267,0.25,0.0,0.0,1.0,0.020800000000000003,0.0198,0.0216,0.031433333333333334,0.0291,0.0367,0.9477833333333333,0.9435,0.9494,756.0,12,717,37
chr3:38592236:38592238,0.5012000143527985,0.46000000834465027,0.5630000233650208,46.3712814645309,32.08695652173913,62.5,0.9742000000000001,0.95876,0.98578,0.0,0.5,0.5,0.04246666666666666,0.0235,0.0653,0.5121,0.1206,0.8406,0.44544999999999996,0.1059,0.8559,1998.0,3,1102,894
chr3:38592474:38592476,0.3340000152587891,-0.37599998712539673,0.5630000233650208,48.57444444444444,38.785714285714285,53.99999999999999,0.942058,0.93746,0.95529,0.0,1.0,0.0,0.07458,0.0535,0.0836,0.8417199999999999,0.8286,0.8625,0.08372,0.0795,0.0892,1998.0,3,1023,974
chr3:38595871:38595873,0.39560000896453856,0.3790000081062317,0.4620000123977661,10.826459627329195,7.380952380952381,14.642857142857144,0.11495,0.10508,0.12358,0.0,0.0,1.0,0.01906,0.0173,0.0201,0.0395,0.0294,0.0554,0.9414200000000001,0.9272,0.9505,1998.0,3,1552,445
chr3:38663953:38663955,0.5405999898910523,0.45899999141693115,0.5609999895095825,10.252148507050466,7.629629629629631,17.513513513513512,0.12557,0.12417,0.12742,0.0,0.0,1.0,0.018766666666666664,0.0181,0.0197,0.027866666666666668,0.0274,0.0284,0.9534000000000001,0.952,0.9545,1998.0,9,139,1857
chr3:48508421:48508423,0.6061999797821045,0.5329999923706055,0.6549999713897705,4.445250484001696,0.8235294117647057,10.827586206896552,0.083305,0.082,0.08658,0.0,0.3333333333333333,0.6666666666666666,0.027,0.0211,0.0452,0.3055333333333334,0.0365,0.8508,0.6675166666666666,0.1041,0.9425,314.0,3,130,182
chr3:48508654:48508656,-0.10540000796318054,-2.2339999675750732,0.6549999713897705,19.136097105508874,2.444444444444444,34.333333333333336,0.098834,0.09775,0.0995,0.0,0.0,1.0,0.0189,0.0178,0.0198,0.06838,0.0295,0.1926,0.91272,0.7896,0.9507,314.0,3,208,105
chr3:53707830:53707832,0.6015999794006348,0.5289999842643738,0.6499999761581421,12.321800548176261,9.823529411764707,14.294117647058824,0.18402833333333332,0.14983,0.25358,0.0,0.0,1.0,0.019133333333333332,0.0176,0.0207,0.03835,0.0303,0.0607,0.9425166666666666,0.9186,0.9519,2181.0,3,401,1778
chr3:93611776:93611778,0.17499998807907105,-0.38600000739097595,0.5849999785423279,15.83523965399687,8.745098039215685,24.774193548387096,0.110945,0.10567,0.12025,0.8333333333333334,0.16666666666666666,0.0,0.6596666666666666,0.15,0.8391,0.30970000000000003,0.1314,0.7994,0.030633333333333332,0.0232,0.0506,676.0,15,384,290
chr3:98304407:98304409,0.1385999858379364,-0.878000020980835,0.6549999713897705,24.654454235948293,3.225806451612903,52.22222222222223,0.120515,0.10133,0.13942,0.0,0.0,1.0,0.019816666666666666,0.0181,0.0227,0.03708333333333333,0.0311,0.0488,0.9431000000000002,0.9285,0.9507,454.0,3,349,103
chr4:17488832:17488834,0.5767999887466431,0.527999997138977,0.6499999761581421,30.04212627579767,20.823529411764703,43.53333333333333,0.5052816666666667,0.34883,0.57222,0.0,1.0,0.0,0.041800000000000004,0.035,0.0471,0.8007833333333333,0.4947,0.8979,0.15736666666666665,0.0629,0.4582,152.0,9,142,8
chr4:55593662:55593664,0.4251999855041504,-0.25,0.6549999713897705,16.59375454662958,9.388888888888888,23.82608695652174,0.09098500000000002,0.08333,0.0995,0.0,1.0,0.0,0.05695,0.048,0.0672,0.8822833333333334,0.8727,0.8891,0.06076666666666667,0.0581,0.063,976.0,6,575,399
chr4:6302553:6302555,0.4947999954223633,0.45399999618530273,0.5559999942779541,17.270596130506174,11.931034482758621,25.666666666666664,0.15878399999999998,0.15383,0.1685,0.0,0.0,1.0,0.018099999999999998,0.0165,0.0196,0.031259999999999996,0.0299,0.033,0.9506599999999998,0.9485,0.9518,890.0,9,343,546
chr4:6303913:6303915,0.20759999454021455,-0.2240000069141388,0.5609999895095825,40.84481095211146,26.92857142857143,54.666666666666664,0.59017,0.50962,0.68074,0.0,1.0,0.0,0.07801666666666666,0.0509,0.1139,0.8371333333333332,0.8028,0.8755,0.08485,0.0562,0.1176,890.0,3,796,92
chr4:88929194:88929196,0.45080000162124634,0.39800000190734863,0.4860000014305115,48.60354267310789,31.043478260869566,58.84444444444444,0.99297,0.99263,0.99337,0.0,1.0,0.0,0.05518333333333333,0.0377,0.0737,0.6881166666666667,0.5603,0.7658,0.2567,0.1735,0.3855,968.0,3,124,842
chr4:995543:995545,-0.24119999408721923,-3.2239999771118164,0.5550000071525574,10.251536136693558,5.6000000000000005,17.523809523809522,0.273805,0.19083,0.38492,0.0,1.0,0.0,0.05876666666666667,0.0405,0.087,0.8361333333333333,0.73,0.901,0.10510000000000001,0.0489,0.183,675.0,3,174,499
chr4:995865:995867,0.35719999074935915,-0.2540000081062317,0.5609999895095825,23.27779482556359,9.764705882352942,38.0,0.7064016666666667,0.67853,0.72601,0.5,0.5,0.0,0.46584999999999993,0.133,0.718,0.4857666666666667,0.2298,0.8131,0.0484,0.0389,0.0564,675.0,12,281,392
chr4:996254:996256,0.5550000071525574,0.5550000071525574,0.5550000071525574,11.45503718918041,6.173913043478261,17.866666666666667,0.11201333333333334,0.10658,0.121,0.0,0.0,1.0,0.02123333333333333,0.0188,0.0247,0.037566666666666665,0.0332,0.042,0.9412166666666666,0.9333,0.9443,675.0,6,411,262
chr5:127680147:127680149,-0.4174000024795532,-0.5090000033378601,-0.3240000009536743,25.717724867724865,8.222222222222223,47.955555555555556,0.14165333333333333,0.12842,0.1495,0.16666666666666666,0.8333333333333334,0.0,0.22976666666666667,0.0495,0.4971,0.7290666666666666,0.4726,0.9028,0.04118333333333333,0.0303,0.0529,2912.0,3,1090,1820
chr5:135396612:135396614,0.2771999925374985,-0.296999990940094,0.6499999761581421,20.47842931048331,9.411764705882353,31.937500000000004,0.288995,0.20292,0.50038,0.0,1.0,0.0,0.14645,0.0685,0.2099,0.7491833333333333,0.5775,0.8843,0.10436666666666668,0.0471,0.2126,683.0,9,630,51
chr5:37057324:37057326,0.4754000067710876,0.45500001311302185,0.5569999814033508,4.0449039398368045,1.8124999999999998,6.470588235294119,0.08758166666666667,0.08567,0.09158,0.0,0.0,1.0,0.018666666666666665,0.0163,0.0202,0.0656,0.0344,0.1852,0.9157500000000001,0.7985,0.9464,2804.0,3,2432,370
chr5:41842780:41842782,0.37119999527931213,-0.25600001215934753,0.527999997138977,16.624854070660525,4.333333333333334,39.9,0.086432,0.0845,0.08975,0.6,0.4,0.0,0.43811999999999995,0.078,0.7861,0.46898,0.1767,0.7096,0.09288,0.0372,0.2124,520.0,9,222,297
chr5:74016943:74016945,0.4361999869346619,-0.296999990940094,0.6499999761581421,21.309037414809907,2.9729729729729732,48.57894736842105,0.09188833333333334,0.08892,0.09475,0.0,0.3333333333333333,0.6666666666666666,0.03015,0.019,0.0718,0.3548833333333333,0.0398,0.9007,0.61495,0.0448,0.9405,331.0,18,312,17
chr6:121768148:121768150,0.26319998502731323,-0.25600001215934753,0.6499999761581421,26.7355375387703,16.27777777777778,56.50000000000001,0.11434666666666667,0.11133,0.11725,0.0,1.0,0.0,0.04931666666666667,0.0392,0.0626,0.8837499999999999,0.8696,0.8929,0.06693333333333334,0.0597,0.0747,382.0,3,56,324
chr6:137219345:137219347,0.6061999797821045,0.5329999923706055,0.6549999713897705,3.2428944911297855,1.1176470588235292,8.619047619047619,0.09317000000000002,0.09192,0.09367,0.6,0.4,0.0,0.5001800000000001,0.1088,0.8643,0.4419999999999999,0.1085,0.8621,0.0578,0.0234,0.1317,323.0,3,289,33
chr6:161139791:161139793,-0.0027999937534332275,-0.47099998593330383,0.5630000233650208,25.795801424044765,5.857142857142857,63.388888888888886,0.14851333333333333,0.11833,0.23625,0.0,1.0,0.0,0.1466333333333333,0.0392,0.4372,0.8023333333333333,0.5208,0.9068,0.051033333333333326,0.042,0.0589,810.0,3,338,470
chr6:31827542:31827544,0.3340000152587891,-0.37599998712539673,0.5630000233650208,23.30370431482551,11.686274509803923,42.333333333333336,0.23361,0.13283,0.36192,0.0,1.0,0.0,0.07785,0.0388,0.1913,0.8673666666666667,0.75,0.9091,0.05478333333333333,0.0463,0.0604,415.0,6,177,236
chr6:32006507:32006509,0.42880001068115237,0.3790000081062317,0.4620000123977661,5.881234187223277,1.4193548387096775,17.200000000000003,0.08566666666666667,0.083,0.0895,0.8333333333333334,0.16666666666666666,0.0,0.76225,0.0682,0.9274,0.21224999999999997,0.0483,0.904,0.0255,0.0226,0.0278,495.0,9,69,424
chr6:35466144:35466146,0.5146000027656555,0.45399999618530273,0.5550000071525574,19.09463389656938,7.857142857142857,38.977777777777774,0.14466800000000002,0.13317,0.157,0.8,0.2,0.0,0.67236,0.1738,0.8819,0.29764,0.0929,0.7833,0.03002,0.025,0.0429,542.0,6,378,163
chr6:39881150:39881152,0.46399998366832734,-0.15800000727176666,0.6499999761581421,21.382378555025614,2.918918918918919,34.66666666666667,0.09989800000000001,0.09033,0.10967,0.2,0.8,0.0,0.18914,0.0399,0.6229,0.7706,0.3566,0.912,0.040260000000000004,0.0205,0.0686,281.0,3,135,145
chr6:45405735:45405737,0.19680000543594361,-0.4620000123977661,0.5910000205039978,31.53913933970035,17.217391304347824,44.44444444444444,0.44813000000000003,0.36,0.50006,0.0,1.0,0.0,0.23172,0.1299,0.3619,0.6796599999999999,0.5643,0.7679,0.08861999999999999,0.0691,0.1205,567.0,3,278,288
chr6:49403236:49403238,0.5767999887466431,0.527999997138977,0.6499999761581421,26.821269349845203,2.2352941176470584,59.85,0.097168,0.09642,0.098,0.0,0.0,1.0,0.01972,0.019,0.0203,0.030440000000000002,0.0286,0.0315,0.9498600000000001,0.9484,0.9514,750.0,3,685,64
chr7:107412533:107412535,0.6061999797821045,0.5329999923706055,0.6549999713897705,29.887754402368707,5.62962962962963,49.8,0.36736599999999997,0.31758,0.46183,0.0,0.4,0.6,0.05714,0.0201,0.1129,0.34666,0.0513,0.8145,0.5961799999999999,0.0725,0.9286,52.0,3,41,10
chr7:117171093:117171095,0.5146000027656555,0.45399999618530273,0.5550000071525574,10.871081427611985,6.176470588235294,17.058823529411764,0.143375,0.13233,0.15867,0.0,0.0,1.0,0.017833333333333333,0.0167,0.0185,0.02991666666666667,0.0275,0.038,0.9522499999999999,0.9453,0.9546,1419.0,3,137,1280
chr7:117171122:117171124,0.49440000057220457,0.45399999618530273,0.5550000071525574,10.093606573606575,3.6000000000000005,14.871794871794872,0.11856599999999999,0.11208,0.12342,0.0,0.0,1.0,0.01806,0.0179,0.0183,0.03,0.0284,0.0343,0.95192,0.9474,0.9535,1419.0,3,147,1271
chr7:117180302:117180304,0.2891999840736389,-0.8080000281333923,0.6549999713897705,10.105072463768117,7.130434782608695,14.285714285714285,0.11652833333333333,0.11167,0.12025,0.0,0.0,1.0,0.018400000000000003,0.0176,0.0191,0.02981666666666667,0.0276,0.0328,0.9517833333333332,0.9493,0.9538,1419.0,12,338,1079
chr7:117180394:117180396,0.4806000113487244,0.46000000834465027,0.5630000233650208,25.608267195767194,2.571428571428571,45.13333333333334,0.15349833333333332,0.13125,0.17025,0.0,0.0,1.0,0.01896666666666667,0.0186,0.0192,0.032433333333333335,0.0295,0.0425,0.9486,0.9384,0.9518,1419.0,6,369,1048
chr7:142458435:142458437,-0.27760001420974734,-0.7990000247955322,0.40400001406669617,15.471172555043523,2.457142857142857,34.0,0.11866666666666666,0.11625,0.121,0.16666666666666666,0.8333333333333334,0.0,0.21365,0.0378,0.5863,0.7339166666666667,0.3725,0.89,0.05243333333333333,0.0366,0.0747,261.0,9,22,237
chr7:150644466:150644468,0.21700000166893005,-0.3140000104904175,0.5550000071525574,34.80344827586207,26.620689655172413,53.64444444444445,0.5747766666666666,0.53734,0.63256,0.0,1.0,0.0,0.055700000000000006,0.0416,0.0744,0.8574666666666667,0.7866,0.8889,0.08683333333333333,0.0614,0.1671,1063.0,3,937,124
chr7:150647471:150647473,0.274400007724762,0.2540000081062317,0.3050000071525574,11.490228555190194,3.111111111111111,19.066666666666666,0.09901600000000002,0.09792,0.10025,0.0,0.0,1.0,0.01926,0.0182,0.0214,0.03736,0.0303,0.054,0.94336,0.9278,0.9501,1063.0,18,631,431
chr7:150655492:150655494,0.07420000433921814,-0.5640000104904175,0.45500001311302185,40.314509411960685,21.130434782608695,54.13333333333333,0.9443549999999999,0.91428,0.96045,0.0,1.0,0.0,0.06931666666666668,0.0467,0.158,0.87145,0.7907,0.8972,0.05923333333333334,0.0513,0.0659,1063.0,9,93,968
chr7:150655493:150655495,0.07020000219345093,-0.5640000104904175,0.45500001311302185,40.314509411960685,21.130434782608695,54.13333333333333,0.9443549999999999,0.91428,0.96045,0.0,1.0,0.0,0.06931666666666668,0.0467,0.158,0.87145,0.7907,0.8972,0.05923333333333334,0.0513,0.0659,1063.0,18,93,968
chr7:150671852:150671854,0.1271999955177307,-0.4359999895095825,0.4779999852180481,21.756379653310603,13.391304347826088,34.05555555555556,0.11095,0.10867,0.11308,0.0,0.0,1.0,0.02522,0.0215,0.0315,0.05796,0.0389,0.1224,0.91684,0.8461,0.9396,1159.0,9,84,1074
chr7:19156562:19156564,0.2846000075340271,0.2540000081062317,0.3050000071525574,28.855170819487086,14.173913043478262,41.02222222222222,0.54928,0.5171,0.59256,0.0,0.0,1.0,0.01842,0.0173,0.0194,0.04316,0.0327,0.0741,0.9384399999999999,0.9086,0.9486,202.0,3,113,88
chr7:19156669:19156671,0.18400000035762787,0.18400000035762787,0.18400000035762787,50.64883252818036,27.82608695652174,65.65,0.9864466666666667,0.98111,0.98993,0.0,1.0,0.0,0.08600000000000001,0.0621,0.1148,0.8481166666666665,0.8149,0.8759,0.06591666666666667,0.0621,0.0703,202.0,15,77,123
chr7:27239444:27239446,0.1055999979376793,0.09200000017881393,0.10899999737739563,24.781686124530328,9.481481481481483,43.8125,0.5304033333333333,0.51689,0.54563,0.0,0.0,1.0,0.0244,0.0199,0.0332,0.17359999999999998,0.0627,0.3348,0.8020333333333333,0.632,0.9174,388.0,18,83,303
chr7:44190554:44190556,0.43979998528957365,-0.1770000010728836,0.6549999713897705,20.88844537815126,9.823529411764707,46.25,0.11665333333333333,0.10967,0.12483,0.0,0.8333333333333334,0.16666666666666666,0.11633333333333333,0.0599,0.2555,0.5723,0.339,0.8559,0.31138333333333335,0.082,0.4771,465.0,3,160,303
chr7:65551785:65551787,0.42039998769760134,-0.27399998903274536,0.6549999713897705,25.14029911247653,5.314285714285714,57.15,0.09234500000000001,0.091,0.09408,0.0,0.0,1.0,0.02235,0.0185,0.0288,0.16995000000000002,0.0377,0.4776,0.8076833333333333,0.4959,0.9438,464.0,6,192,270
chr7:75614512:75614514,0.3679999947547913,-0.3019999861717224,0.5609999895095825,11.047950310559006,4.457142857142856,18.0,0.12333399999999999,0.087,0.18558,0.0,1.0,0.0,0.13688000000000003,0.049,0.2448,0.7901,0.6902,0.8615,0.07302,0.0475,0.1033,680.0,6,461,218
chr7:92134155:92134157,0.3679999947547913,-0.3019999861717224,0.5609999895095825,19.290749298012273,1.9999999999999998,33.77777777777778,0.08561166666666666,0.08308,0.09067,0.16666666666666666,0.3333333333333333,0.5,0.12311666666666665,0.0196,0.5679,0.4276,0.0382,0.9179,0.44928333333333326,0.0199,0.9404,1283.0,9,653,628
chr7:92135595:92135597,0.35980000495910647,-0.42100000381469727,0.5550000071525574,8.842709739323274,2.3225806451612905,20.533333333333335,0.08984666666666667,0.08592,0.09483,0.6666666666666666,0.3333333333333333,0.0,0.5982999999999999,0.0534,0.9333,0.3388,0.0439,0.8398,0.06288333333333333,0.0228,0.1866,1283.0,9,621,660
chr7:94048831:94048833,0.6499999761581421,0.6499999761581421,0.6499999761581421,22.39804291402686,18.666666666666668,25.935483870967747,0.6748783333333335,0.63731,0.71457,0.0,1.0,0.0,0.056433333333333335,0.0468,0.073,0.8815333333333334,0.8673,0.8897,0.062066666666666666,0.0597,0.0636,1366.0,18,681,683
chr7:94051253:94051255,-0.3263999938964844,-4.251999855041504,0.6549999713897705,24.157033388067873,13.066666666666668,33.655172413793096,0.4994533333333333,0.48433,0.50406,0.0,1.0,0.0,0.055233333333333336,0.0431,0.0814,0.8836333333333334,0.8608,0.8958,0.06111666666666666,0.0555,0.0656,1366.0,3,796,568
chr7:94055333:94055335,-0.2776000052690506,-0.7829999923706055,0.6549999713897705,31.50298076768068,19.866666666666667,40.25806451612903,0.6056116666666668,0.57211,0.63263,0.0,1.0,0.0,0.056183333333333335,0.0464,0.0714,0.8806333333333334,0.8669,0.8902,0.06316666666666666,0.0617,0.0654,1366.0,9,988,376
chr7:94055346:94055348,0.47639997601509093,-0.23800000548362732,0.6549999713897705,32.12181436163639,14.666666666666666,49.86206896551724,0.62115,0.60561,0.63263,0.0,1.0,0.0,0.07058333333333333,0.0536,0.0855,0.8690999999999999,0.8565,0.881,0.06028333333333333,0.057,0.0654,1366.0,18,992,372
chr7:94055349:94055351,0.6061999797821045,0.5329999923706055,0.6549999713897705,32.32181436163638,14.666666666666666,49.86206896551724,0.62023,0.60561,0.63263,0.0,1.0,0.0,0.07265,0.0584,0.0855,0.8687666666666667,0.8565,0.881,0.05855,0.055,0.0617,1366.0,18,993,371
chr8:11566194:11566196,0.45500001311302185,0.45500001311302185,0.45500001311302185,36.1920634920635,16.785714285714285,49.38888888888889,0.41494800000000004,0.393,0.45183,0.0,1.0,0.0,0.16218,0.0639,0.2661,0.7846,0.666,0.8868,0.05322,0.0469,0.0678,442.0,6,276,165
chr8:143956376:143956378,0.520199990272522,0.45899999141693115,0.5609999895095825,6.517758964628036,2.3870967741935485,15.794871794871796,0.09077833333333334,0.08892,0.092,0.0,0.0,1.0,0.02086666666666667,0.0198,0.0221,0.029766666666666663,0.026,0.0374,0.9493,0.9421,0.9534,181.0,3,142,37
chr8:145009046:145009048,0.4690000116825104,-0.13699999451637268,0.6510000228881836,14.58773479361715,7.1764705882352935,28.555555555555557,0.11973666666666666,0.1175,0.12242,0.0,0.0,1.0,0.01908333333333333,0.0186,0.0198,0.02915,0.0282,0.0309,0.95175,0.95,0.9526,4574.0,3,318,4254
chr8:72129005:72129007,0.3111999750137329,-1.0640000104904175,0.6549999713897705,23.799304237824163,11.176470588235295,40.13333333333333,0.12072333333333335,0.10692,0.137,0.0,0.5,0.5,0.041666666666666664,0.0218,0.098,0.46681666666666666,0.0399,0.8838,0.49155,0.0685,0.9383,592.0,3,426,164
chr9:104187844:104187846,0.39559999108314514,-0.25600001215934753,0.6499999761581421,15.38795707472178,8.91891891891892,34.6,0.09632,0.08675,0.11333,0.0,1.0,0.0,0.19695000000000004,0.1077,0.3359,0.75825,0.628,0.8416,0.0448,0.0361,0.0536,364.0,6,229,133
chr9:104192042:104192044,0.43099998235702514,-0.3230000138282776,0.6499999761581421,12.867682449323816,4.914285714285714,31.75,0.11248666666666667,0.10783,0.12217,0.8333333333333334,0.16666666666666666,0.0,0.65425,0.4323,0.8836,0.3204166666666666,0.0914,0.541,0.02535,0.0232,0.0271,364.0,12,105,257
chr9:127253407:127253409,0.520199990272522,0.45899999141693115,0.5609999895095825,33.67424836601307,17.882352941176467,45.44444444444444,0.097518,0.09517,0.10042,0.0,0.6,0.4,0.02586,0.0211,0.0331,0.57064,0.0438,0.9162,0.4035,0.0507,0.9351,461.0,15,363,97
chr9:130592047:130592049,0.3484000027179718,-0.37700000405311584,0.5550000071525574,22.29588430315175,6.129032258064516,36.63157894736842,0.24648499999999998,0.149,0.45425,0.5,0.5,0.0,0.5144333333333333,0.1143,0.9029,0.4532666666666667,0.0735,0.8461,0.03231666666666667,0.0235,0.0406,658.0,18,92,564
chr9:131394570:131394572,0.5405999898910523,0.45899999141693115,0.5609999895095825,33.02472568722569,18.486486486486488,45.51111111111111,0.12944333333333333,0.12533,0.13325,0.0,0.0,1.0,0.017949999999999997,0.0164,0.0186,0.065,0.0368,0.1244,0.9170333333333334,0.8592,0.9445,2477.0,6,2308,167
chr9:136218925:136218927,0.39560000896453856,0.3790000081062317,0.4620000123977661,8.343284578908703,3.0000000000000004,12.857142857142856,0.093648,0.09033,0.09508,0.0,0.0,1.0,0.0193,0.0172,0.0225,0.03522,0.0331,0.0391,0.9454799999999999,0.9384,0.9492,300.0,15,274,25
chr9:140056671:140056673,0.20759999752044678,-0.6819999814033508,0.44999998807907104,17.594125089649385,8.333333333333332,31.055555555555554,0.15526500000000001,0.1435,0.1815,0.0,0.0,1.0,0.01946666666666667,0.0181,0.0221,0.04765,0.0285,0.0803,0.9329666666666667,0.8977,0.9535,922.0,3,559,361
chr9:21971162:21971164,0.21260000467300416,-1.055999994277954,0.5550000071525574,13.1214718554872,8.0,17.18918918918919,0.5324566666666667,0.50476,0.56576,0.0,0.0,1.0,0.022033333333333332,0.02,0.0241,0.0302,0.0275,0.0345,0.9477833333333333,0.9431,0.9502,173.0,3,86,85
chr9:35689225:35689227,0.5405999898910523,0.45899999141693115,0.5609999895095825,50.376867167919805,33.357142857142854,60.8,0.48861600000000005,0.4645,0.50628,0.0,0.6,0.4,0.024280000000000003,0.0187,0.0279,0.54518,0.0986,0.8994,0.43056,0.0727,0.8827,284.0,3,52,231
chr9:97401472:97401474,0.377799990773201,-0.2370000034570694,0.5569999814033508,14.97298562248649,4.322580645161291,38.4,0.11592833333333334,0.11183,0.12183,0.0,0.0,1.0,0.018433333333333333,0.0179,0.019,0.02853333333333333,0.0272,0.0304,0.9530333333333334,0.9515,0.9542,338.0,6,39,297
chr9:98218611:98218613,0.520199990272522,0.45899999141693115,0.5609999895095825,9.484756483238456,5.411764705882352,20.0,0.12336000000000001,0.115,0.13017,0.6666666666666666,0.3333333333333333,0.0,0.45895,0.1562,0.7347,0.35603333333333326,0.0579,0.7688,0.18498333333333336,0.0551,0.4004,1447.0,3,1083,362
chr9:98229510:98229512,0.5474000096321106,0.4819999933242798,0.5910000205039978,25.862090605472957,2.764705882352941,54.87499999999999,0.137875,0.1225,0.16233,0.0,0.16666666666666666,0.8333333333333334,0.02395,0.0201,0.0275,0.24503333333333335,0.0514,0.6873,0.7310166666666666,0.2852,0.9285,1447.0,9,815,630
chr9:98240344:98240346,0.39599999189376833,-0.27399998903274536,0.6549999713897705,11.325238588972605,3.733333333333333,18.41176470588235,0.193032,0.18125,0.19858,0.0,0.0,1.0,0.01906,0.0184,0.0197,0.028199999999999996,0.0265,0.0341,0.95274,0.9476,0.9546,1447.0,3,446,1000
chr9:98241387:98241389,0.6061999797821045,0.5329999923706055,0.6549999713897705,19.440625509853394,2.9729729729729732,47.35,0.10080666666666666,0.09592,0.10883,0.0,0.16666666666666666,0.8333333333333334,0.02273333333333333,0.0206,0.0263,0.19811666666666672,0.0354,0.8575,0.7791333333333332,0.1162,0.944,1447.0,9,369,1076
chrX:100608274:100608276,0.3624000072479248,-0.36000001430511475,0.6000000238418579,21.17683815517054,2.782608695652174,38.8421052631579,0.10829166666666666,0.09883,0.1235,0.0,0.16666666666666666,0.8333333333333334,0.028050000000000002,0.0218,0.0378,0.18416666666666667,0.0365,0.8408,0.7877666666666666,0.1214,0.9417,483.0,6,428,53
chrX:100652883:100652885,0.16899999976158142,-0.367000013589859,0.6000000238418579,35.81720848013754,20.666666666666668,47.714285714285715,0.13733166666666666,0.10675,0.18008,0.5,0.5,0.0,0.40504999999999997,0.0711,0.7294,0.5613,0.2432,0.8955,0.03365,0.0274,0.0407,429.0,6,398,29
chrX:100653830:100653832,0.36500000655651094,-0.2329999953508377,0.6000000238418579,29.520446269659654,9.642857142857144,47.78947368421053,0.104335,0.09842,0.10692,0.0,0.16666666666666666,0.8333333333333334,0.022699999999999998,0.018,0.0336,0.26238333333333336,0.0491,0.515,0.7149500000000001,0.4607,0.9329,429.0,9,247,180
chrX:133627563:133627565,0.07360000610351562,-1.4919999837875366,0.5130000114440918,26.425847275847275,2.918918918918919,45.75,0.10038399999999999,0.09575,0.10692,0.0,0.0,1.0,0.01996,0.0187,0.0208,0.03484,0.0281,0.0528,0.9452,0.9264,0.9518,218.0,3,142,75
chrX:133627614:133627616,0.30760000348091127,-0.32199999690055847,0.5130000114440918,8.159102384291725,1.652173913043478,26.400000000000002,0.08817,0.08717,0.08892,1.0,0.0,0.0,0.88314,0.8389,0.9138,0.09262,0.0607,0.1328,0.02428,0.0209,0.0284,218.0,6,159,58
chrX:135290000:135290002,0.39600000977516175,-0.19200000166893005,0.6000000238418579,18.346626025611535,4.740740740740741,38.434782608695656,0.12582000000000002,0.12108,0.128,0.0,1.0,0.0,0.18626666666666666,0.0456,0.4498,0.7094833333333334,0.4725,0.827,0.10426666666666666,0.0777,0.1364,323.0,3,126,195
chrX:135741333:135741335,0.53160001039505,0.4860000014305115,0.6000000238418579,62.80048754131707,45.9375,76.57894736842105,0.483042,0.33717,0.52811,0.0,1.0,0.0,0.0789,0.0491,0.1322,0.87058,0.8341,0.8905,0.0505,0.0337,0.0604,261.0,3,181,79
chrX:138630552:138630554,0.14400001764297485,-0.46000000834465027,0.5440000295639038,20.5904873294347,5.888888888888888,42.400000000000006,0.13930199999999998,0.13517,0.14408,0.0,1.0,0.0,0.10128,0.0377,0.1484,0.8326,0.7754,0.9033,0.06614,0.054,0.0816,461.0,3,140,320
chrX:152990960:152990962,0.4199999928474426,0.35600000619888306,0.4359999895095825,15.207001278772378,5.764705882352942,19.8125,0.09203399999999999,0.09042,0.09392,0.0,0.0,1.0,0.017279999999999997,0.016,0.0181,0.1316,0.032,0.3091,0.8511200000000001,0.6749,0.95,745.0,6,212,532
chrX:152990962:152990964,0.40399999618530275,0.35600000619888306,0.4359999895095825,16.41059630373889,5.764705882352942,22.428571428571427,0.09225,0.09042,0.09392,0.0,0.0,1.0,0.01718333333333333,0.016,0.0181,0.13954999999999998,0.032,0.3091,0.8432833333333334,0.6749,0.95,745.0,9,212,531
chrX:152991342:152991344,0.2927999973297119,-0.5529999732971191,0.5289999842643738,14.367490764421708,6.133333333333333,21.217391304347824,0.08572166666666668,0.08533,0.08633,0.0,0.16666666666666666,0.8333333333333334,0.020316666666666667,0.0181,0.023,0.18071666666666666,0.0407,0.7855,0.7989666666666667,0.1935,0.9412,745.0,9,339,404
chrX:153002687:153002689,0.3700000047683716,0.3140000104904175,0.3840000033378601,18.848843604763083,3.5483870967741935,44.434782608695656,0.09832,0.09533,0.10025,0.3333333333333333,0.6666666666666666,0.0,0.42565000000000003,0.0745,0.8102,0.5403166666666667,0.1561,0.8895,0.034,0.0271,0.0419,745.0,3,489,254
chrX:153008711:153008713,0.14119999408721923,-1.190000057220459,0.5230000019073486,15.809517130835504,7.03225806451613,35.08571428571429,0.09662333333333334,0.09567,0.10008,0.0,0.8333333333333334,0.16666666666666666,0.05513333333333333,0.0256,0.0869,0.7027,0.1703,0.8658,0.24216666666666667,0.0938,0.804,745.0,3,633,110
chrX:153171211:153171213,-0.10720000565052032,-1.1990000009536743,0.17299999296665192,10.647028511887846,4.869565217391305,18.470588235294116,0.09985200000000001,0.09767,0.10367,0.0,0.0,1.0,0.01788,0.0176,0.0182,0.030220000000000004,0.0279,0.0326,0.9519,0.9498,0.9542,371.0,9,83,287
chrX:154088711:154088713,0.46160001754760743,0.4410000145435333,0.5440000295639038,32.72935483870968,11.935483870967742,57.60000000000001,0.115116,0.10533,0.1275,0.8,0.2,0.0,0.6469799999999999,0.0459,0.8166,0.32682,0.1608,0.925,0.02622,0.0226,0.0314,216.0,3,163,52
chrX:154088817:154088819,0.05460001826286316,-1.593999981880188,0.5440000295639038,8.888923024406896,4.133333333333333,17.333333333333336,0.10304166666666666,0.09825,0.106,0.6666666666666666,0.3333333333333333,0.0,0.4793666666666667,0.0387,0.8176,0.45445,0.1427,0.8449,0.06616666666666667,0.0333,0.1183,216.0,3,127,87
chrX:154124374:154124376,0.4154000163078308,-0.3230000138282776,0.6000000238418579,31.801509661835745,18.173913043478258,56.35555555555556,0.2105,0.16183,0.24092,0.2,0.8,0.0,0.28226,0.0904,0.6579,0.6820999999999999,0.3154,0.8659,0.03558,0.0266,0.0436,2351.0,9,2135,215
chrX:154133260:154133262,0.29619998931884767,-0.33899998664855957,0.5019999742507935,9.710144927536232,6.260869565217392,14.000000000000002,0.15576500000000001,0.10567,0.19667,0.16666666666666666,0.8333333333333334,0.0,0.31373333333333336,0.1466,0.6453,0.6451166666666667,0.327,0.805,0.04115,0.0277,0.0529,2351.0,3,1803,546
chrX:154182170:154182172,0.49920001029968264,0.43799999356269836,0.5400000214576721,9.42730523165306,3.371428571428572,24.62857142857143,0.11938666666666668,0.10208,0.14083,0.0,1.0,0.0,0.13685,0.0655,0.2003,0.6968,0.6554,0.7498,0.16634999999999997,0.09,0.2366,2351.0,3,632,1717
chrX:154189382:154189384,0.526199996471405,0.48100000619888306,0.593999981880188,27.31969383971609,12.785714285714283,39.93103448275862,0.163682,0.11633,0.24225,0.2,0.8,0.0,0.38778,0.1326,0.6543,0.56228,0.312,0.7744,0.049960000000000004,0.0279,0.0931,2351.0,9,501,1849
chrX:154221375:154221377,0.06660001277923584,-0.5199999809265137,0.5230000019073486,31.893394777265748,5.419354838709678,46.26666666666667,0.569008,0.54224,0.59574,0.0,1.0,0.0,0.17409999999999998,0.0508,0.319,0.7486200000000001,0.6324,0.8345,0.07726,0.0392,0.1147,2351.0,3,145,2205
chrX:18969315:18969317,0.39620001018047335,-0.19099999964237213,0.6000000238418579,26.675277969480863,10.148148148148147,57.91304347826086,0.140985,0.11383,0.19092,0.3333333333333333,0.6666666666666666,0.0,0.3018166666666667,0.045,0.8144,0.6523333333333334,0.156,0.9,0.04585000000000001,0.0296,0.0591,1235.0,15,119,1114
chrX:19377097:19377099,0.366400009393692,-0.3400000035762787,0.6000000238418579,20.713304480951543,3.4117647058823533,44.46666666666667,0.15764000000000003,0.15358,0.16417,0.0,0.0,1.0,0.019433333333333334,0.017,0.0227,0.03573333333333334,0.0319,0.0407,0.9448166666666666,0.9397,0.9471,359.0,15,289,68
chrX:19377685:19377687,0.271399998664856,-0.503000020980835,0.5130000114440918,27.470136294082067,3.2352941176470593,59.15789473684211,0.208265,0.19175,0.22292,0.0,0.16666666666666666,0.8333333333333334,0.024416666666666666,0.019,0.0302,0.19578333333333334,0.0487,0.8831,0.77985,0.0868,0.9263,359.0,18,330,27
chrX:19377689:19377691,-0.19279998540878296,-1.2109999656677246,0.5130000114440918,31.137035940234217,3.2352941176470593,59.15789473684211,0.199434,0.18625,0.21583,0.0,0.0,1.0,0.02232,0.019,0.0258,0.06386,0.0487,0.0989,0.91388,0.8779,0.9263,359.0,9,332,26
chrX:19377755:19377757,0.26919999718666077,-0.32199999690055847,0.4169999957084656,42.12898550724638,20.80952380952381,55.45,0.764074,0.67503,0.86743,0.0,1.0,0.0,0.20901999999999998,0.1594,0.2958,0.7266199999999999,0.6522,0.7822,0.06436,0.0492,0.0912,359.0,12,354,4
chrX:19377759:19377761,0.30760000348091127,-0.32199999690055847,0.5130000114440918,45.76893185511699,20.80952380952381,60.0,0.8235783333333333,0.71197,0.90457,0.0,1.0,0.0,0.1841,0.1319,0.2958,0.7622333333333332,0.655,0.8203,0.05366666666666667,0.0436,0.0638,359.0,6,355,2
chrX:22129614:22129616,0.53160001039505,0.4860000014305115,0.6000000238418579,14.194895702566686,1.741935483870968,28.933333333333334,0.096666,0.09575,0.09758,0.0,0.0,1.0,0.01842,0.0175,0.0189,0.03296,0.0291,0.0366,0.94862,0.9446,0.952,749.0,3,369,379
chrX:25031775:25031777,-0.15420000553131102,-1.8029999732971191,0.257999986410141,43.57971014492754,36.78260869565217,49.91304347826087,0.89156,0.85854,0.90992,0.0,0.0,1.0,0.01955,0.0191,0.0202,0.05391666666666667,0.048,0.0609,0.9265833333333333,0.9189,0.9329,562.0,3,111,449
chrX:30322826:30322828,-0.21540000438690185,-1.2170000076293945,0.5230000019073486,20.298303765950823,5.857142857142858,48.388888888888886,0.12340333333333332,0.09708,0.14925,0.0,0.6666666666666666,0.3333333333333333,0.05538333333333333,0.0332,0.084,0.6550833333333334,0.1689,0.8938,0.2895333333333333,0.0513,0.7979,470.0,3,302,166
chrX:37655300:37655302,0.47739999890327456,0.43700000643730164,0.5379999876022339,21.263923395445136,9.652173913043478,37.45,0.12875,0.11433,0.14675,0.0,0.0,1.0,0.017516666666666666,0.017,0.0179,0.039183333333333334,0.0305,0.0466,0.9433166666666667,0.9364,0.9517,570.0,9,192,376
chrX:37655308:37655310,0.11959999799728394,-0.5080000162124634,0.5379999876022339,23.005687830687833,14.357142857142858,37.45,0.11593166666666667,0.10075,0.12542,0.0,0.0,1.0,0.01805,0.0175,0.0187,0.034583333333333334,0.0295,0.0399,0.9473833333333332,0.9423,0.9518,570.0,6,195,373
chrX:38260532:38260534,0.502400016784668,0.4410000145435333,0.6000000238418579,14.883114093385524,3.741935483870967,37.022222222222226,0.09538833333333334,0.09467,0.09608,0.0,0.0,1.0,0.02015,0.0195,0.0211,0.0375,0.0318,0.0513,0.9423499999999999,0.9276,0.9486,354.0,3,129,223
chrX:41333332:41333334,0.5091999888420105,0.4300000071525574,0.5289999842643738,22.70418868996874,2.5294117647058822,47.46666666666667,0.087518,0.08667,0.08825,0.0,0.0,1.0,0.0561,0.0251,0.1016,0.31948,0.1798,0.4478,0.62444,0.4507,0.7951,481.0,9,208,272
chrX:41333333:41333335,0.5091999888420105,0.4300000071525574,0.5289999842643738,22.485374632944964,2.5294117647058822,47.46666666666667,0.08727833333333333,0.08608,0.08825,0.0,0.16666666666666666,0.8333333333333334,0.07513333333333333,0.0251,0.1703,0.3751333333333333,0.1798,0.6534,0.54975,0.1763,0.7951,481.0,9,208,271
chrX:48375610:48375612,0.48900001049041747,0.4129999876022339,0.5080000162124634,11.579633012625342,2.5217391304347827,17.714285714285715,0.14382000000000003,0.13433,0.15758,0.0,0.0,1.0,0.01835,0.0176,0.0191,0.02961666666666667,0.0274,0.0333,0.9520333333333334,0.9491,0.9537,455.0,3,397,56
chrX:48544161:48544163,0.12039999961853028,-1.253999948501587,0.46399998664855957,36.67843885075006,1.652173913043478,74.26666666666667,0.27688999999999997,0.14767,0.48342,0.0,0.0,1.0,0.020766666666666666,0.0179,0.0249,0.04745,0.0313,0.0784,0.9318,0.8967,0.9508,216.0,6,132,82
chrX:49834667:49834669,0.5059999823570251,0.5059999823570251,0.5059999823570251,46.18599033816425,20.782608695652172,64.4,0.5558150000000001,0.53992,0.56576,0.0,0.16666666666666666,0.8333333333333334,0.021016666666666666,0.0192,0.0226,0.2985166666666667,0.0804,0.7722,0.6804666666666667,0.2073,0.9005,816.0,3,98,716
chrX:49851011:49851013,0.052799999713897705,-0.5130000114440918,0.4300000071525574,21.329971988795513,8.705882352941178,39.3,0.098015,0.09175,0.1035,0.0,0.0,1.0,0.031066666666666663,0.0192,0.0754,0.06780000000000001,0.033,0.172,0.9011666666666667,0.7526,0.9478,816.0,3,346,468
chrX:591708:591710,0.421999990940094,0.421999990940094,0.421999990940094,39.25676328502415,16.666666666666664,54.449999999999996,0.7650399999999999,0.74839,0.78497,0.0,0.0,1.0,0.022283333333333332,0.0192,0.0258,0.19625,0.1374,0.2518,0.7814666666666666,0.7224,0.8434,292.0,6,168,122
chrX:66941722:66941724,0.4129999905824661,-0.1979999989271164,0.593999981880188,21.584041416982593,3.567567567567567,37.866666666666674,0.09821600000000001,0.09667,0.09967,0.0,0.0,1.0,0.0205,0.0184,0.0221,0.033979999999999996,0.0308,0.0393,0.9455199999999999,0.9394,0.9493,920.0,3,788,131
chrX:70329122:70329124,0.5544000148773194,0.4860000014305115,0.6000000238418579,19.148405935160547,6.521739130434782,35.473684210526315,0.147534,0.146,0.14892,0.0,1.0,0.0,0.049780000000000005,0.0353,0.07,0.8335000000000001,0.7526,0.8652,0.11672,0.084,0.2109,369.0,9,237,131
chrX:70443650:70443652,0.2730000138282776,-0.5249999761581421,0.5210000276565552,10.557358199714441,6.086956521739131,17.83783783783784,0.14627833333333332,0.13808,0.156,0.0,0.0,1.0,0.018966666666666666,0.0185,0.0195,0.02936666666666667,0.0272,0.0354,0.9516833333333334,0.9461,0.9542,283.0,6,35,246
chrX:70444125:70444127,0.5247999966144562,0.47999998927116394,0.5920000076293945,13.616022672288656,8.956521739130435,19.176470588235293,0.124418,0.11292,0.1325,0.0,0.0,1.0,0.019079999999999996,0.0182,0.0202,0.029459999999999997,0.0276,0.0315,0.9514400000000001,0.9483,0.9536,283.0,9,194,88
chrX:70444129:70444131,0.2449999988079071,-1.031000018119812,0.5920000076293945,12.656347395989338,8.956521739130435,19.176470588235293,0.12812500000000002,0.11958,0.1325,0.0,0.0,1.0,0.01856666666666667,0.0181,0.0195,0.029016666666666663,0.0276,0.0304,0.9523999999999999,0.9501,0.9536,283.0,3,195,86
chrX:70444136:70444138,0.08979999423027038,-0.9020000100135803,0.5920000076293945,10.359634997316157,3.9259259259259256,13.466666666666665,0.13279166666666667,0.12858,0.13908,0.0,0.0,1.0,0.018250000000000002,0.018,0.0187,0.028583333333333332,0.0276,0.0293,0.95315,0.9526,0.9536,283.0,9,197,84
chrX:73641813:73641815,0.21500000059604646,-0.19200000166893005,0.4860000014305115,20.99800809212574,5.111111111111112,39.95555555555556,0.12228,0.11767,0.13392,0.0,0.16666666666666666,0.8333333333333334,0.021400000000000002,0.0172,0.0241,0.27301666666666663,0.0332,0.8381,0.7055833333333333,0.1418,0.9456,613.0,3,242,369
chrX:73740876:73740878,0.33200000524520873,-0.38600000739097595,0.597000002861023,7.04835766448573,4.869565217391305,10.057142857142857,0.1145,0.11167,0.11933,0.0,0.0,1.0,0.023280000000000002,0.0189,0.0288,0.09323999999999999,0.04,0.2012,0.88346,0.7774,0.9411,613.0,3,234,378
chrX:76944373:76944375,0.35199999809265137,-0.38999998569488525,0.593999981880188,32.414549443984924,6.451612903225806,52.5,0.17705666666666667,0.14317,0.24242,0.16666666666666666,0.8333333333333334,0.0,0.24564999999999995,0.038,0.6019,0.6502166666666667,0.2904,0.9089,0.10408333333333335,0.0531,0.1535,2492.0,3,176,2314
chrX:79281227:79281229,0.53160001039505,0.4860000014305115,0.6000000238418579,13.084720496894409,8.571428571428571,27.599999999999998,0.10386799999999999,0.10142,0.10642,0.4,0.6,0.0,0.42982,0.2371,0.6882,0.41186,0.2192,0.585,0.15830000000000002,0.0926,0.2954,400.0,3,74,325
chrX:99663171:99663173,0.3376000225543976,-0.4880000054836273,0.5440000295639038,32.33688945001184,11.565217391304348,44.52173913043478,0.31630199999999997,0.27292,0.34975,0.0,1.0,0.0,0.07044,0.0413,0.1319,0.86068,0.778,0.911,0.06886,0.0477,0.0901,1148.0,9,141,1006
